from,to
A61K,A61P
A61K,A61K
A61K,A61K
C07H,C07H
A61P,A61K
C07H,C07F
C07D,A61P
A61K,A61K
A61K,A61K
A61K,A61P
A61K,A61K
A61K,A61K
C07H,C07H
A61K,A61K
C07H,C07H
C07H,C07H
C07H,A61K
C07H,C07H
C07H,A61K
A61K,A61P
C07D,A61P
A61K,A61P
A61K,A61P
A61K,A61P
C07D,A61P
A61K,A61P
A61K,A61K
C07D,C07D
C07D,A61P
C07D,C07H
C07D,A61K
C07H,A61K
C07H,A61P
A61K,A61P
A61K,A61P
A61K,C07H
C07H,A61P
A61K,A61K
C07D,C07C
A61K,A61K
A61K,A61K
A61K,A61K
A61K,A61P
A61K,A61K
A61K,C07F
A61K,A61P
A61K,A61P
A61K,A61K
A61K,A61K
A61K,A61K
A61K,A61K
A61K,A61K
A61K,A61K
A61K,A61K
A61K,A61K
C07D,A61P
C07D,A61P
C07D,C07C
C07D,A61P
C07D,A61P
A61K,A61K
A61K,C07D
A61K,A61K
A61K,A61K
A61K,A61K
A61K,A61K
C07D,A61P
A61K,A61P
A61K,A61K
A61K,A61K
C07D,A61P
C07D,A61P
A61K,A61K
A61K,A61K
A61K,A61K
A61K,A61K
A61K,A61P
A61K,C07D
A61K,A61K
C07D,A61K
C07D,C07F
A61K,A61K
A61K,A61K
C07C,A61K
C07C,A61K
C07C,A61K
C07C,A61K
C07C,A61P
C07C,A61P
C07H,A61P
A61K,A61P
C07D,A61K
A61K,A61P
C07H,A61K
A61K,A61P
C07H,A61K
C07H,A61K
A61K,A61P
A61K,A61P
C07D,A61P
C07D,A61P
C07D,C07H
C07C,C07D
A61K,A61K
A61K,A61K
C07D,A61P
C07D,A61K
C07D,A61K
C07D,A61P
A61K,A61P
A61K,A61P
A61K,C07D
A61K,C07K
C07C,A61K
C07D,A61P
C07D,A61P
A61K,A61K
C07D,C07D
C07C,C07B
C07D,C07D
C07D,C07D
C07D,A61P
A61K,A61P
A61K,C07D
A61K,A61K
C07H,C12Q
A61K,A61P
A61K,A61K
A61K,A61P
A61K,A61K
A61K,C07D
A61K,A61P
C07H,A61K
A61K,A61P
A61K,A61K
A61K,A61Q
C07F,A61K
C07D,A61K
C07D,A61P
C07D,A61K
C07D,A61P
C07D,A61P
C07D,A61P
C07D,C07C
C07D,A61P
C07D,A61P
C07D,A61P
C07D,A61P
C07C,C07C
C07D,A61K
C07D,A61P
C07D,A61K
C07D,A61K
A61K,A61K
C07D,C07C
A61K,C07D
C07D,C07D
A61K,A61P
A61K,A61K
C07C,C07C
A61K,A61K
A61K,C07C
C07D,A61K
C07D,A61K
C07C,A61K
C07D,A61P
C07C,A61K
C07C,C07C
A61K,A01K
C07D,A61K
C07D,A61K
C07C,C12P
C07D,A61P
C07D,A61K
C07D,A61P
C07D,C07D
C07D,A61P
C07D,A61P
C07D,C12P
C07D,A61P
C07C,C07C
C07C,C07C
C07D,A61P
C07D,A61P
C07D,A61K
C07D,A61P
C07D,A61P
C07C,C07C
C07D,A61K
C07D,A61P
C07D,A61P
C07D,A61P
C07D,A61P
C07C,C07D
C07C,C07C
C07C,A61K
C07D,A61K
A61K,A61K
C07D,A61P
A61K,A61P
A61K,A61K
A61K,A61P
A61K,A61K
A61K,A61P
C07D,C07D
C07D,A61K
A61K,A61P
A61K,A61P
A61K,A61K
C07D,A61K
C07D,A61K
C07C,C07C
A61K,A61P
A61K,A61K
A61K,A61P
A61K,A61P
A61K,A61P
A61K,A61P
A61K,A61P
A61K,A61P
C07D,A61K
A61K,A61P
C07D,A61K
A61K,A61K
C07D,A61P
A61K,A61K
C07D,C07D
C07D,A61P
A61P,A61P
A61K,A61P
A61K,A61P
C07D,C07D
A61K,A61P
A61K,A61P
A61K,A61P
A61K,A61P
A61K,A61P
A61K,A61P
A61K,A61P
A61K,A61P
A61K,A61K
C07D,A61P
C07D,A61P
A61K,A61P
A61K,A61P
A61K,A61K
A61K,A61K
A61K,C07D
A61K,A61P
C07D,A61P
C07C,A61P
A61K,A61P
C07H,A61P
A61K,A61P
A61K,A61P
A61K,A61K
A61K,A61P
A61K,A61P
A61K,A61K
C07D,A61K
A61K,A61L
C07D,C07D
A61K,C07C
C07D,A61P
C07D,C07D
A61K,A61K
C07C,A61K
C07J,A61P
A61K,A01K
A61K,A61P
A61K,A61P
C07D,C12P
C07D,A01N
C07D,A61K
C07D,A61P
C07D,C07D
C07D,C07D
A61K,A61P
C07D,C07D
C07D,C07D
C07F,A61P
A61K,A61P
A61K,A61P
A61K,A61P
A61K,C07H
C07H,A61K
A61K,A61P
C07C,A61K
C07D,C07D
C07D,C07D
A61K,A61P
A61K,A61P
A61K,A61P
A61K,A61P
A61K,A61P
A61K,C07H
A61K,C07C
A61K,A61P
A61K,A61K
C07C,C07C
C07C,C07C
A61K,A61K
A61K,A61K
A61K,A61P
A61K,A61K
A61K,A61P
A61K,A61P
A61K,A61P
A61K,A61P
C07D,C07D
A61K,A61P
A61K,A61P
C07J,A61P
C07C,C07C
A61K,A61P
C07D,C07D
A61K,A61P
C07H,A61K
C07D,A61K
C07D,C07D
A61K,A61P
A61K,A61P
A61K,A61P
A61K,A61K
A61K,A61K
A61K,A61K
A61K,A61K
C07D,A61P
C07H,C07H
A61K,A61K
C07K,C12N
C07K,C12N
A61K,A61P
A61K,A61P
A61K,A61P
A61K,A61P
A61K,A61K
A61K,A61P
A61K,A61P
A61K,A61P
A61K,A61P
A61K,A61K
A61K,A61K
A61K,A61P
A61K,A61P
A61K,A61P
A61K,A61P
A61K,A61P
A61K,A61P
A61K,A61P
A61K,A61P
A61K,A61P
A61K,A61P
A61K,A61P
A61K,C07K
C07K,C12N
A61K,A61P
A61K,A61P
A61P,A61K
C07K,C12N
A61K,A61P
A61K,A61K
A61K,A61P
A61K,A61P
A61K,A61P
A61K,A61P
A61K,A61P
A61K,A61K
A61K,A61P
A61K,A61P
A61K,A61P
A61K,A61P
A61K,A61P
A61K,A61P
A61K,A61P
A61K,A61P
A61K,A61K
A61K,A61P
A61K,A61P
A61K,A61P
A61K,A61P
A61K,A61K
C07K,C07K
C07K,G01N
C12N,A61K
C12N,A61K
C12N,C12R
C12N,C07H
C07K,A61K
A61K,A61K
C07K,C07K
C07K,A61K
C07K,C12N
C07K,C12N
C07K,A61K
C07K,A61K
C07K,C12N
C07K,C12N
C07K,A61K
C07K,G01N
C07K,A61K
A61P,A61K
C12N,A61K
C07H,C12N
C07K,C12N
C07K,A61P
C07K,C12N
A61K,A61K
C07K,C12N
C07K,A61K
C12N,C12N
A61P,G01N
C07K,C12N
C07K,G01N
A61P,C07K
C07K,C12N
C12N,G01N
C07K,G01N
C07K,G01N
C07K,C12N
C12N,G01N
C07K,G01N
A61K,A61K
C12N,A61P
A61K,A61P
A61K,A61K
A61K,A61P
C07K,C07K
A61K,A61P
C07K,C12N
C07K,A61K
C07D,A61K
C07K,A61K
A61K,A61P
A61K,A61K
A61K,A61P
G01N,G01N
C07K,C12N
C07K,A61P
C07K,A61K
C07K,A61P
C07K,A61K
C07K,A61P
C07K,A61K
A61K,C07K
C07K,A61K
C12N,A61K
C07K,A61P
C07K,A61K
C07K,A61K
C07K,A61P
C07K,C12N
C07K,A61K
C07K,C07K
C07K,A61K
C07K,A61K
C07K,A61K
A61K,A61K
C07K,A61K
C07K,C12N
A61K,A61P
C07K,A61P
C07K,A61K
C07K,A61K
A61K,A61K
C07K,A61K
C12N,A61K
A61P,A61K
C12N,C12N
C07K,A61K
C07K,C07K
A61K,A61P
C12N,C12N
C12Q,A61K
C07H,A61K
C12Q,A01N
C12N,C12N
A61K,A61P
C07H,C12N
C12N,C07H
C07H,A61K
C07H,C12Q
A61K,A61P
C12N,A61K
A61K,A61K
C12P,A61P
A61K,A61P
A61K,A61K
A61K,A61P
C12Q,A61P
C40B,C07K
C12Q,A61K
C12Q,A61K
A61K,A61K
A61K,A61P
A61K,A61K
A61K,A61K
A61K,A61K
A61K,A61K
A61K,A61P
A61K,A61K
A61K,A61K
A61K,A61K
A61K,A61K
A61K,A61P
A61K,A61K
A61K,A61K
A61K,A61K
A61K,A61P
A61P,A61P
A61K,A61P
A61K,A61P
A61K,A61P
A61K,A61K
A61K,A61P
A61K,A61P
A61K,A61P
A61K,A61P
A61K,A61P
A61P,G01N
A61K,A61K
A61P,A61K
A61K,A61K
A61K,A61K
A61K,A61P
A61K,A61P
A61K,A61P
A61K,A61K
A61K,A61P
A61K,A61P
A61K,A61P
A61K,A61P
A61K,A61K
A61K,A61P
A61K,A61P
A61K,A61P
A61K,A61P
A61K,A61P
A61K,C08B
A61K,A61K
A61K,A61K
A61K,A61P
A61K,A61P
A61K,A61P
A61K,A61K
A61K,A61K
A61K,A61P
A61K,A61P
A61K,A61P
A61K,A61K
A61K,A61P
A61K,A61P
A61K,A61P
A61K,A61P
A61K,A61P
A61K,A61K
A61K,A61K
A61K,A61P
A61K,A61P
A61K,A61P
A61K,A61P
A61K,A61P
A61K,A61P
A61K,A61P
A61K,A61P
A61K,A61P
A61K,A61P
A61K,A61P
A61K,A61P
A61K,A61P
A61K,G01N
A61K,A61P
A61K,A61P
A61K,A61P
A61K,A61P
A61K,A61P
A61K,A61P
A61K,A61K
A61K,A61K
A61K,A61K
A61K,A61K
A61K,A61K
A61K,A61K
A61K,A61K
C07D,A61K
A61K,A61P
A61K,A61P
A61K,A61P
A61K,A61K
A61K,A61P
A61K,A61P
A61K,A61K
A61K,A61K
A61K,A61K
A61K,A61K
A61K,A61P
A61K,A61K
A61K,A61P
A61K,A61K
A61K,A61K
A61K,A61P
A61K,A61P
A61K,A61P
A61K,A61K
A61K,A61K
A61K,A61K
A61K,A61K
A61K,A61K
A61K,A61P
A61K,A61K
A61K,A61K
A61K,A61K
A61K,A61K
A61K,A61K
A61K,A61P
A61K,A61P
A61K,A61K
A61K,A61K
A61K,A61P
A61K,A61P
C07H,A61K
A61K,A61P
A61K,A61P
A61K,A61P
A61K,A61P
A61K,A61K
A61K,A61P
A61K,A61P
A61K,A61P
A61K,A61P
A61K,A61K
A61K,A61K
A61K,A61K
A61K,A61P
A61K,A61P
A61K,A61P
A61K,A61P
A61K,A61K
A61K,A61K
G01N,A61K
A61K,A61K
A61K,A61P
A61K,A61P
A61K,A61P
A61K,A61P
A61K,A61P
C11B,A61P
A61K,A61K
A61K,A61K
A61K,A61K
A61K,A61P
A61K,A61P
A61K,A61P
C07H,A61K
A61K,A61K
A61K,A61K
A61K,A61P
A61K,A61K
A61P,A61P
A61K,A61K
A61K,A61K
A61K,A61P
A61K,A61K
A61K,A61P
A61K,A61P
A61K,A61P
A61K,A61P
A61K,A61K
A61K,A61P
A61K,A61P
A61K,A61P
A61K,A61P
A61K,A61K
A61K,A61P
A61K,A61P
A61K,A61P
A61K,A61P
A61K,A61K
A61K,A61K
A61K,A61P
A61K,A61K
A61K,A61P
A61P,A61P
A61K,A61K
A61K,A61P
A61K,A61K
A61K,A61P
A61K,A61K
A61K,A61K
A61K,A61P
A61K,A61P
A61K,A61P
A61K,A61P
A61K,A61P
A61K,A61P
A61K,A61K
A61K,A23L
A61K,A61K
A61K,A61P
A61K,A61P
A61K,A61P
A61K,A61P
A61K,A61P
A61K,A61P
A61K,A61P
A61K,A61P
A61K,A61P
A61K,A61P
A61K,A61P
A61K,A61P
A61K,A61P
A61K,A23F
A61K,A61P
A61K,A61P
A61K,A61P
A61K,A61P
A61K,A61P
A61K,A61K
A61K,A61P
A61K,A61P
A61K,A61P
A61K,A61P
A61K,A61P
A61K,A61P
A61K,A61K
A61K,A61K
A61K,A61K
A61K,A61P
A61K,A61P
A61K,A61P
A61K,A61K
A61K,A61P
A61K,A61P
A61K,A61P
A61K,A61P
A61K,A61P
A61K,A61K
A61K,A61P
A61K,A61P
A61K,A61P
A61K,A61K
A61K,A61K
A61K,A61P
A61K,A61P
A61K,A61P
A61K,A61P
A61K,A61P
A61K,A61K
C12N,A61K
C12N,A61K
C12N,C12R
A61K,C12N
C07K,A61K
A61K,A61K
C12N,A61K
C07K,A61K
C07K,C12N
C12N,C12N
A61K,C12N
A61K,A61P
A61K,A61P
A61K,A61P
A61K,A61P
A61K,C12N
A61K,C12Q
G01N,C07K
C12Q,C07H
C12N,A61K
C07K,C12N
C12N,C07H
A61K,A61P
A61K,C12N
C07K,C07K
C07K,C12N
G01N,G01N
C12N,C12N
C12N,C12N
C12N,C12N
C07K,C12N
C12N,C07K
C07K,C07K
A61K,A61K
G01N,C12N
C07K,A61P
G01N,G01N
C07K,C12N
A61P,A61K
C07K,A61P
G01N,A61K
C07K,A61P
G01N,G01N
C07K,C12P
C07K,A61P
C07K,C07H
C12N,C12N
A61K,A61K
C07K,C12N
A61K,A61K
C12N,C07K
C07K,C12N
A61K,A61P
A61K,A61K
A61K,A61K
A61K,C12N
C12N,C12N
C07K,C12N
C12N,C12N
C12N,C12N
C12N,G01N
A61K,A61P
C12N,A61K
C12N,A61K
A61K,A61P
A61P,A61P
A61K,A61K
C12N,C09C
C07K,G01N
A01N,A61L
C12N,A61K
C12N,A61K
C12N,A61P
C12N,C12R
C12N,C12N
C12N,A61K
A61K,A61P
C12N,A61P
C12N,A61P
C12N,C12N
C07K,C12N
C12N,A61K
C12Q,C12R
C12Q,C12N
C12Q,C12N
C12Q,G01N
C12Q,C12N
C12Q,C12N
C12Q,C12N
C12Q,C12N
C12Q,C12N
C12Q,C12N
C12Q,C12N
C12N,A61K
C07K,G01N
C07K,G01N
C12Q,C07H
G01N,G01N
A61P,G01N
C07K,C12N
C12N,C12Q
C12P,C12Q
C07H,C12N
G01N,G01N
C12Q,C12R
C12Q,C12R
C12Q,C12R
C12Q,C12Q
C12Q,C12N
G01N,G01N
C12N,C12N
C07K,C07K
A61K,A61P
C07K,G01N
C12Q,C12Q
C07H,C12Q
C12M,C12Q
C12Q,C12N
C12Q,C12Q
C12Q,C12N
C12Q,C12N
G01N,G01N
C07H,C07H
G01N,C12Q
C12Q,G01N
C12N,C12N
A01N,A61P
C12Q,A61K
C12Q,C12N
C12Q,C12N
C12Q,C12R
C12Q,C12N
G01N,G01N
C12N,A61P
C12N,A61K
C12Q,C12N
C12Q,C12N
C12Q,C12Q
C12Q,C40B
C12Q,C12R
C12Q,C12N
C12Q,C12Q
C12Q,C12N
C12Q,C12N
C12Q,C12N
C12Q,C12N
C12Q,C12N
C12Q,C12N
C12Q,C12N
C12Q,C12N
C12Q,C12N
C12Q,C12N
C12Q,C12Q
C12Q,C12N
C12Q,C12Q
C12N,C07H
C12Q,C12Q
C12Q,C12R
C07K,G01N
C12Q,C12R
C12Q,C12N
C12N,C12Q
C12Q,C12N
C12N,C12R
G01N,G01N
C12Q,C12N
C12Q,C12N
C12Q,C12N
C12Q,C12N
C12Q,C12N
C12Q,C12N
C12Q,C12N
C12Q,C12N
C12Q,C12N
C12N,C12N
C12Q,C12N
C12Q,C12N
C12Q,C12N
C12Q,C12N
C12Q,C12R
C12Q,C12Q
C12Q,C12N
C12Q,C12N
C12Q,C12N
C12Q,C40B
C12Q,C40B
C12Q,C12N
C12Q,C12N
C12Q,C12R
C12Q,C12N
C12Q,C12N
C12Q,C12R
C12Q,C12R
C12Q,C12N
C12Q,C12N
C07K,C12N
C12Q,C12N
C12Q,C12N
C12Q,C12N
G01N,G01N
C12N,C12Q
G01N,G01N
C07K,G01N
C12N,G01N
A61K,A61P
C12N,A61P
C07K,G01N
C07K,G01N
C07K,C12N
C07K,A61K
G01N,G01N
C12N,A61K
C07K,G01N
C07K,G01N
G01N,C12N
C12N,G01N
C07K,G01N
C07K,G01N
C12N,G01N
A61K,A61P
C12Q,G01N
C07K,G01N
G01N,G01N
G01N,G01N
G01N,G01N
C07K,G01N
C07K,C12N
A61K,A61P
C12N,C12N
C07K,G01N
C07K,C12N
C07K,C12P
C07K,G01N
C12N,C12N
C12N,G01N
C07K,G01N
G01N,G01N
B01D,C12N
G01N,B01D
C12Q,B01D
C12Q,B01D
B01D,C12N
B01D,B01D
G01N,G01N
G01N,B01D
G01N,C12Q
G01N,B01D
G01N,B01J
C12N,B01J
G01N,B01D
C12N,C12N
B01D,C12N
B01D,C12N
G01N,B01J
B01D,G01N
B01L,C12Q
B01J,B01J
B01J,B01J
B01J,C12N
B01J,B01J
B01J,C12N
B01J,B01J
B01J,B01J
C12N,B01L
B01J,B01J
B01D,C07K
A23J,A23K
B01J,B01J
B01J,C12N
B01J,C12N
B01J,C12Q
C12N,C12N
C12N,B01D
B01D,B01D
C08L,C01G
B01J,B01J
B01J,B01J
C12N,B01J
B01J,B01D
C07K,C12N
B01J,B01J
B01D,B01D
C12Q,G01N
G01N,C12Q
C12N,B01J
C12Q,G01N
C12N,B01D
C07H,B01J
C07K,B01D
C12N,C12N
C12N,C12N
C12N,B01J
B01D,C07H
B01D,B01J
G01N,B01D
G01N,G01N
B01J,C12N
B01J,C12P
C12N,G01N
C12Q,G01N
C07H,B01J
G01N,B01J
C07H,B01D
G01N,C12Q
C12Q,C12N
B01D,C07H
C12P,C12Q
B01L,B01L
B01L,B01L
B01L,B01L
B01L,B01L
B01L,C12Q
B01L,C12Q
C12M,C12N
G01N,C12Q
B01L,C12N
B01L,C12Q
C12Q,C12M
G01N,C12Q
B01L,C12Q
B01L,C12Q
C12M,B01L
B01L,B01L
C12M,B01L
B01L,C12Q
C12Q,B01L
B01L,C12M
B01L,G01N
C12Q,C12Q
B01L,B01L
B01L,C12Q
B01L,C12M
B01L,B01L
C12M,C12M
B01L,C12Q
C12M,B01L
C12Q,G01J
B01L,B01L
G01N,B01L
C12M,B01L
C12M,C12Q
B01L,G01N
B01L,G01N
B01L,B01D
G01N,B01L
B01J,G01N
B01L,B01L
B01L,G01N
C12N,B01L
A61B,A61M
A61B,A61M
A61M,A61B
A61M,A61B
A61M,G05B
A61M,A61B
A61B,A61B
A61M,A61B
A61B,A61M
A61M,A61M
A61M,A61B
A61M,A61M
A61M,A61B
A61M,A61M
A61M,A61M
A61M,A63B
A61M,A61M
A61B,A61M
A61M,A63B
G10K,F16L
A61M,A61M
A61M,A61M
A61B,A61M
A61M,F15C
A61B,A61M
A61B,A61B
A61B,A61B
A61M,A61B
A61B,A61M
F04D,F04D
G05D,A61B
A61M,A62B
G06T,A61B
A62B,A42B
A61M,F16L
H02K,H02K
A61B,A61M
A61M,A61M
A61M,A61B
A61M,A61M
A61M,A61M
A61B,A61B
A61M,A61M
A61M,F04B
A61M,A62B
A61M,A61B
A61M,A61M
A61M,A61M
A61B,A61M
A61B,A61B
A61B,A61M
A61M,A61B
A61M,H04L
A61M,A61F
A61M,A61F
A61M,A61F
A61M,A61M
A61M,A61B
A61M,A61M
A61M,A61M
A61M,A61L
B60H,A61G
A61G,A61G
E04H,F24F
A61G,B01D
E04H,B01D
A61G,A61L
A61G,A61M
A61G,A61G
E04H,F24F
A61G,A61L
F24F,F24F
F24F,A61G
E04H,B01D
A61G,A61G
A61G,A61G
A61G,A61L
A61G,A61G
E04H,F24F
E04H,E04H
A61M,F28F
A61M,B01D
A61M,F28D
A61M,F28D
A61M,A61M
A61M,A61M
A61M,A61B
A61M,A61B
A61M,A61M
A61M,A61M
A61M,A61M
A61M,A61M
A61M,A61L
B05B,B05B
A61L,A61L
B25J,A61L
B25J,G01K
G05D,A61L
B25J,B25J
A61L,A61L
A61L,A61L
B25J,A61L
A47L,A47L
A61L,A61L
A61L,A61L
B05B,B05B
B02C,B02C
B02C,A61L
G05D,A61L
G05D,A61L
A47L,A47L
A61L,A61L
A61L,A61L
A61L,A61L
A61L,A61L
A61L,A61L
A61L,A61L
A61J,B01F
B25J,B25J
B25J,B25J
B65G,G07F
B25J,B25J
B25J,B25J
B25J,B25J
B65D,B65D
B65G,B25J
C06C,F42B
B25J,B25J
B65G,G07F
G16H,G16H
B25J,B25J
B25J,B25J
B25J,B25J
G05D,G05B
G05D,G06Q
G05D,G06Q
H04B,G08C
B25J,B25J
B25J,B25J
B25J,B25J
B25J,B25J
G06Q,B25J
B25J,B25J
B65D,B65D
B25J,G08B
A61B,A61B
B25J,B25J
B25J,A61N
G07F,G06Q
G16H,G06F
G06F,B25J
B25J,B25J
A61B,A61M
A61B,A61B
A61M,B25J
G16H,A47B
A61B,A61B
B25J,B25J
A61B,A61B
B25J,A61M
A61B,A61B
A61B,A61M
G06F,G06F
A61B,A61M
A61L,A61L
A61M,B01D
B25J,A61M
G16H,G06K
A61B,A61B
G16H,G16H
A61N,A61B
G16H,G10L
A61B,A61N
A61B,A61B
B25J,B25J
A61B,A61B
A61B,A61M
A61B,A61G
A61M,A61B
A61B,A61B
G16H,G07F
G16H,G16H
G01N,A61B
H04L,H04W
B25J,B25J
B25J,B25J
B25J,A61G
A61G,A61G
A61H,B25J
A61G,A61G
B25J,A61B
B25J,G05D
A61H,A61G
A61G,B25J
A61G,A61G
B25J,B25J
G05B,G06K
A61G,A61G
A61G,A61H
A61H,A61M
A61B,A61B
A61B,G06F
B25J,A61G
A61G,A61G
A61B,A61B
G08B,G08B
B25J,A61G
B25J,B25J
A61G,A61G
B25J,B25J
A61G,A61G
G16H,G16H
A61G,A61G
A61G,A61G
B25J,A61G
A61G,B25J
A63B,A63B
A47K,A47K
B25J,B25J
B25J,A61B
A61G,A61G
B25J,A61B
A61G,A61G
A61G,A61G
A47K,A47K
G06F,H04N
A61G,A61G
G05D,G01S
G01J,G01J
B66B,G08B
G06K,G06Q
G01K,G01J
G07C,A61B
A61B,A61B
G06K,A61B
G16H,G06K
G16H,A61B
G16H,G16H
G01J,A61B
A61B,G08B
A61B,H04L
A61B,A61L
G01J,G01K
G01K,G01J
G01J,G01K
A61B,H04M
A61B,A61B
A61B,G01S
G01J,G01K
G01K,G01J
A61B,A61B
G01J,G01J
G01K,G01K
G01J,G01K
H04R,A61B
A61B,H04N
G01J,G01K
A61B,G01K
G01J,A61B
A61B,G01J
A61B,A61B
A41B,A61B
G01K,G01J
A61B,G01J
G01J,G01K
H04M,A61B
A61B,G08C
A61B,G06K
G01K,G01J
G01K,G01J
A61B,G01S
G01J,G01K
G01J,A61B
G01J,G01K
G01J,G01K
G01J,G01K
G01K,A61B
G06T,A61B
A61B,A61B
A61B,G06T
G06T,G06T
G06T,G06T
G06T,G06T
A61B,A61B
A61B,A61B
G06T,A61B
H05G,A61B
A61B,G06T
A61B,G03B
G01N,G06T
A61B,A61B
A61B,G06N
A61B,A61B
A61B,G06T
A61B,H01J
A61B,G06T
H01J,H01J
A61B,A61B
G06F,A61B
A61B,B29C
A61G,A61B
A61B,A61B
B60P,A61B
A61G,F16F
A61B,A61G
A61B,A61G
A61B,A61G
A61B,A61G
A61G,A61B
A61G,A61B
F16F,A61B
A61G,A61B
A41D,A41D
A41D,A41D
A41D,A41D
A41D,A41D
A41D,A41D
A41D,A41D
A41D,A41D
C09D,G02B
A41D,A41D
A41D,A41D
A41D,B32B
A62B,A41D
A41D,B01D
A41D,A41D
A41D,A62B
A41D,G08B
B01D,B01D
A41D,H04N
G02C,G02C
G02C,A61F
G02C,A61F
G02C,A61F
G02C,G02C
G02C,G02C
G02C,G02C
G02C,G02C
A61B,A61F
G02C,A61F
G02C,G02C
A61L,A41D
A41D,A41D
A41D,A41D
A41D,A41D
A41D,A41D
A41D,A41D
A41D,A41D
A41D,A41D
A41D,A41D
A41D,A41D
A41D,G08B
A41D,F04D
A41D,A41D
A41D,A41D
A41D,A41D
A41D,A41D
A41D,A41D
A41D,A41D
A41D,A41D
A41D,A41D
A41D,A41D
A41D,A41D
A41D,A41D
A41D,A41D
A41D,A41D
A61H,A47K
A61F,A61H
A61H,A61L
A61H,A61M
G08B,G10L
A47K,A47B
A61G,A61H
A61G,A61H
A47K,A47B
C09D,C09D
A62B,A62B
C09D,C09D
A41D,C09D
B32B,B32B
B32B,B32B
C08J,C08J
C09D,C09D
C09D,C09D
A01N,A01P
C01G,C09D
C09D,C09D
C12N,A61K
A61L,A61L
A61L,A61K
A61L,A61L
A61L,A61L
A61L,A61L
A61L,C08L
A61L,A61L
A61L,A61L
A61L,A61L
F24F,A61L
B01J,B01D
B01J,C01B
D06M,A61L
B01D,B01D
F24F,F24F
A61L,A61L
A01N,A01P
A61K,A61P
A01N,A61K
A01N,A01N
A61L,A61L
A61L,B03C
A61L,A61L
A61L,A61L
A61L,A61L
A61L,A61L
A61G,A61L
A61L,A61L
A61L,A61L
A61L,A61L
A01N,A01N
A01P,A01N
A61L,A61K
A01N,A61L
A61K,A61P
C02F,A61L
F24F,A61L
F24F,F24F
B01D,B01D
A61L,B03C
D06M,A61L
A61K,A61K
A61K,A61K
A61K,A61Q
A61K,A61Q
A61K,A61K
C08L,C08L
D06P,A47L
A61L,A61L
A61L,G01N
A61L,A61L
A61L,C12Q
A61L,C12Q
A61L,C12Q
A61L,C12M
A61B,A61L
A61B,B65B
A61L,G01N
C12Q,G01N
A61L,B65B
B65F,B65F
B09B,A61L
C10G,B09B
B65F,B65F
F23G,F23G
B09B,C04B
B65F,B65F
F23G,F23G
B09B,A61L
B09B,B02C
B02C,B02C
C10G,B09B
F23G,F23G
F23G,F23J
B65F,B65F
B65F,B65F
C10B,C10G
F23G,A61L
B65D,A01K
F23G,F23J
B09B,C10J
F23G,B01D
F23G,F23G
F23G,F27B
F23G,F23G
F23G,F23G
F23G,F23G
A61L,F23G
B01F,B02C
B09B,F23G
A61M,A61M
F23G,A61L
F23G,F23G
A61M,A61M
B02C,B02C
B09B,A61L
B02C,A61L
B09B,A61L
B65F,A61B
B08B,A61L
B65F,B65F
B65F,B65F
A61M,B01D
A61L,A61L
A61L,A61L
B09B,A61L
A61M,A61B
B65F,A61M
B65F,A61M
B02C,B02C
B09B,B06B
F27B,F27B
F26B,F26B
A61L,B08B
B08B,A61L
A61L,F26B
A61B,A61L
A61L,A61L
B08B,B08B
B08B,A61L
B65F,B65F
F23G,F23G
B02C,B02C
B09B,B07B
B65F,B65F
C02F,C02F
B65F,B65F
C02F,B01D
C02F,C02F
C02F,C02F
C02F,C02F
C02F,C02F
C02F,F16K
C02F,C02F
C02F,C02F
C25B,C25B
C02F,C02F
C02F,C25B
C25B,C02F
C02F,C02F
C02F,A01N
A01N,C02F
A01N,A01N
A01N,A01N
C02F,A01N
A01N,A01N
A01N,A01P
C02F,B01J
C02F,C01B
C02F,C02F
C02F,B01F
C02F,C02F
C02F,F03B
C02F,C02F
B01D,C02F
C02F,C02F
C02F,C02F
C25B,A61L
C02F,C02F
C25B,C25B
C02F,C02F
C02F,C02F
C02F,C02F
C02F,C02F
B01J,A01P
B01J,A01P
B01J,A01N
B01J,B01J
C02F,C02F
C02F,A61L
B01J,C02F
B01J,C07C
C02F,C02F
C02F,C02F
G01N,C02F
C02F,C02F
C02F,C02F
C02F,B01J
B01D,C02F
F24J,C02F
C02F,C02F
C02F,C02F
G06F,C02F
C02F,C02F
C02F,C02F
C02F,C02F
G06T,G06T
G06K,G06F
G06T,G06T
G06T,G06T
G06T,G06N
G06T,G06T
G06T,G06T
G16H,G06F
G06T,G06K
G06F,G06N
G06T,G16H
G06T,G06N
G06T,G06T
G06F,G06T
G06T,G06T
G06T,G16H
G06T,G06T
G16H,G06K
G06T,G06T
G06K,G06T
G16H,G06N
G06K,G16H
G06T,G06T
G16H,G16H
G06K,G16H
G16H,G06T
G16H,G06T
G16H,G16H
G06T,G06T
G06K,G06T
A61B,G06N
G06T,G06N
G06T,G06T
G16H,G06K
G06T,G06T
G06T,G06N
G16H,G06K
G06K,G06T
G16H,G06T
G16H,G06K
G06T,G06T
G06N,G06T
G06T,G06N
G06K,G06N
G06T,G06K
G06T,G06T
G06T,G06K
G06K,A61B
G06K,G06N
G06T,G06T
G06K,G06N
G06T,G06T
G06T,G06K
G06T,G16H
G06K,G06T
G06T,G06T
G06T,G16H
G06T,G06T
G06K,G06N
G06T,G06T
G06K,G16H
G06T,G06N
G06T,G06K
G06T,G06N
G06T,G06T
G06T,G06T
G06T,G06K
G06T,G06K
G06T,G06T
G06T,G06T
G06T,G06T
G06T,G06K
G16H,A61B
G16H,G06F
G06F,G06F
G16H,G16H
G16H,G06F
G16H,G10L
G10L,G10L
G10L,G10L
G06Q,H04L
G16H,G16H
G16H,G16H
G16H,G16H
G16H,G06N
G16H,G06F
G16H,G16H
G16H,G06Q
G16H,G06F
G16H,G06K
G16H,G06N
G16H,G06F
G16H,G16H
G16H,G06K
G16H,H04L
G16H,G06F
G16H,G16H
G16H,G06F
G16H,G16H
G16H,G16H
G16H,G06K
G16H,G06Q
G06Q,G16H
G16H,G16H
G16H,G06F
G16H,G16H
G07C,G16H
G16H,A61B
G06K,G06N
G16H,G01K
G06K,G06N
G06T,G06N
G16H,G06K
G16H,G01K
G16H,G16H
G01J,G01J
G06T,G06T
G01K,G01K
G06F,G06N
G16H,G06K
G01J,G06K
G16B,G16B
G06F,G06F
G16H,G16H
G16H,G16H
G06N,G16H
G16B,G16B
G06Q,G06F
G16H,G16H
G16H,G16H
G16H,G06K
G01K,G01J
G16H,G16H
G06F,G06N
G16H,G16H
G16H,G07C
G07C,G06Q
G06Q,G06F
G06Q,G07C
G06F,H04M
G16H,G06N
A47C,A47C
G16H,G07C
A47C,A47C
G16H,G06K
G06Q,G06K
G16H,G07C
G06Q,G16H
G16H,G16H
G06Q,G07C
G06Q,G16H
G06F,G06Q
G06F,G06Q
G07C,B25J
A47C,A47C
H04L,G06Q
G06Q,G06Q
G06F,G06Q
G06Q,G16H
G06F,G16H
G06Q,A62B
G16H,G06Q
G06Q,G16H
G16H,G07C
G01K,G16H
G06Q,H04W
A61B,G06F
G16H,G16H
G06Q,G16H
G06Q,G06Q
G06F,G16H
G16H,G16H
G16H,G16H
G08G,G08G
G16H,G06N
G06Q,G06F
G16H,G06F
G05B,G06Q
G06Q,G06Q
G06Q,H04L
G05B,G06Q
G16H,G06Q
H04L,H04M
G06Q,A61B
H04W,H04W
G06Q,B65G
G06F,G06Q
G06Q,G07C
G01S,G06Q
G06Q,G06Q
G06F,A61G
H04M,G16H
G06F,G06F
G06F,G06F
G06F,G06F
G06F,G06K
G06F,G06F
G06F,G06F
G06F,G06F
G06F,G06F
G06Q,G06F
G16H,G06T
G06F,G06Q
G06F,G06T
G06T,G06F
G06Q,G06F
G06F,G06N
G06F,G06F
G06F,G06F
G06F,G06F
G06F,G06F
G06F,G06Q
G06F,G06F
G06F,G06Q
G06F,G06F
G06F,G06Q
G06F,G06F
G06F,G06Q
G06F,H04M
G06F,G06Q
G06Q,G06F
G06F,G06F
G06F,G06F
G06F,G06F
G06F,G06F
G06F,G06F
G06F,G06F
G06F,A63F
G06F,G06F
G06F,G06F
G06F,G06F
G06F,G06K
G06F,G06F
G06F,G06F
G06F,G06F
G06F,G06Q
G06F,G06F
G06F,G06F
G06F,G06F
G06F,G06Q
G06F,G06Q
G06F,G06F
G06F,G06Q
G06F,G06F
G16H,G01K
G16H,G06K
G16H,G01K
G16H,G06F
G06Q,H04L
G06Q,G06F
G06F,G06F
G06F,G06Q
G16H,G16H
G16H,A01K
G16H,G06Q
G16H,G16H
G06F,G06Q
G06F,G06Q
G06F,G06K
G06F,A61B
G06F,A61B
G16H,G06Q
G16H,G06F
G16H,G06N
G06F,G06F
G16H,G06F
G16H,G01D
G16H,G01D
G16H,G06N
G16H,G01N
G16H,G06Q
G16H,G16H
G06F,G06K
G06F,G06N
G16C,G06N
G16C,G16C
G16B,G16B
G16C,G06N
G16C,G16C
G16H,G06N
G16B,G16B
A61K,A61P
G06F,A61K
C07K,A61K
G06F,G06N
C07K,C12N
A61K,A61K
G06F,A61K
A61K,A61P
C12Q,C07D
C07K,G01N
C07K,A61K
C40B,C40B
A61K,A61P
C07D,A61K
C07K,A61K
A61P,G01N
C07D,A61K
C07K,A61P
G06F,A61K
C07D,A61P
A61K,A61P
C07K,C07K
C07K,A61K
C07K,C12N
C12Q,A61P
A61K,A61P
A61K,A61K
C12Q,C07C
G06F,C12Q
C07K,C12Q
C07K,A61K
C07K,C12N
A61K,A61P
A61K,A61P
A61K,A61K
A61K,C07F
C07H,A61K
C07H,C07H
A61K,A61K
A61K,A61K
A61K,A61P
A61K,A61P
A61K,A61K
C07H,C07H
A61K,A61K
C07H,C07H
C07H,C07H
C07H,A61K
C07H,C07H
C07H,A61K
A61K,C07D
A61K,C07D
A61K,A61P
C07D,C07D
C07D,A61P
C07H,A61P
C07H,A61P
A61K,A61K
A61K,A61P
A61K,A61P
A61K,A61K
A61K,A61K
A61K,A61K
A61K,A61P
A61K,A61P
A61K,A61P
A61K,C07F
A61K,A61P
A61K,A61P
A61K,A61P
A61K,A61K
A61K,A61K
A61K,A61K
A61K,A61K
A61K,A61P
A61K,A61P
C07D,A61P
C07D,C07D
A61K,A61P
A61K,A61P
A61K,A61P
A61K,A61P
A61K,A61P
A61K,A61K
A61K,C07D
A61K,C07D
A61K,C07D
A61K,C07D
A61K,A61P
A61K,A61P
A61K,A61K
C07D,A61P
C07D,A61P
A61K,A61K
A61K,A61K
C07C,A61P
C07C,A61K
C07C,A61K
C07C,A61K
C07H,C07H
A61K,A61P
C07D,A61K
A61K,A61P
C07H,A61P
A61K,A61P
C07H,A61P
C07H,A61P
A61K,A61P
A61K,A61P
C07D,C07H
C07C,C07D
A61K,A61K
C07D,A61P
C07D,A61K
C07D,A61K
A61K,A61P
A61K,A61P
C07C,C07D
A61K,A61K
C07D,A61K
C07C,A61K
C07D,A61K
C07D,A61K
A61K,C07D
A61K,C07D
A61K,C07K
A61K,A61P
A61K,A61M
A61K,A61K
A61K,A61P
C07H,A61P
A61K,A61K
A61K,A61P
C07F,A61K
C07D,A61P
C07D,A61K
C07D,A61P
C07C,C07D
C07D,A61P
C07D,A61P
C07D,A61P
C07D,C07D
A61K,C07D
C07D,C07D
A61K,A61P
A61K,A61P
C07C,C07C
A61K,C07C
C07D,A61K
C07C,A61P
C07C,A61P
C07C,C07C
A61K,G01N
C07D,A61K
C07D,C12N
C07C,C07D
C07C,A61K
C07D,A61K
C07C,C07C
C07D,A61K
C07C,C07D
C07C,C07C
C07C,A61P
C07D,A61P
A61K,A61K
A61K,A61P
C07D,A61K
C07D,A61P
C07D,A61P
C07D,A61K
C07C,C07C
A61K,A61P
A61K,A61P
A61K,A61P
A61K,A61P
A61K,A61P
A61K,A61P
C07D,A61P
C07D,A61K
A61K,A61K
C07D,A61K
C07D,A61P
A61K,A61P
C07D,C07C
A61K,A61P
A61K,A61P
A61K,A61P
A61K,A61P
A61K,A61P
A61K,A61K
C07D,A61P
C07D,A61P
A61K,A61P
A61K,A61K
A61K,A61K
A61K,A61P
A61K,A61P
C07D,A61P
A61K,C07D
C07H,A61P
A61K,C07C
A61K,A61P
A61K,A61P
C07D,A61K
A61K,A01N
A61K,C07D
C07D,A61P
C07D,C07D
A61K,A61K
C07C,A61P
C07J,A61P
A61K,G01N
A61K,A61K
A61K,C07D
C07D,A61P
C07D,A01N
C07D,A61K
C07D,A61P
C07D,A61K
C07D,C07D
A61K,A61P
C07D,A61K
C07D,C07D
C07F,A61K
A61K,A61P
A61K,A61P
A61K,A61P
A61K,C07H
C07H,A61P
A61K,A61P
C07C,A61P
C07D,C07D
C07D,C07D
A61K,A61P
A61K,A61P
A61K,A61P
C07C,A61P
C07C,C07D
A61K,A61P
A61K,A61P
A61K,A61P
A61K,A61K
A61K,A61K
C07D,C07D
A61K,A61P
C07J,A61P
C07C,A61K
C07D,A61K
A61K,A61P
C07H,A61P
C07D,A61K
C07D,A61P
A61K,A61P
A61K,A61P
A61K,A61K
A61K,A61K
C07D,A61P
C07H,C07H
A61K,A61K
C07K,C12N
C07K,C12N
A61K,A61P
A61K,A61P
A61K,A61P
A61K,A61P
A61K,A61P
A61K,A61P
A61K,A61P
A61K,A61P
A61K,A61P
A61K,A61P
A61K,A61K
A61K,A61P
A61K,A61P
A61K,A61P
A61K,A61P
A61K,A61P
A61K,A61K
A61K,A61P
A61K,A61P
A61K,A61P
A61K,A23G
A61K,A61P
A61K,A61P
C07K,C12N
A61K,C07K
A61P,A61P
C07K,C07K
A61K,A61P
A61K,C07H
A61K,A61P
A61K,A61K
A61K,A61P
A61K,A61P
A61K,A61P
A61K,A61P
A61K,A61P
A61K,A61P
A61K,A61P
A61K,A61P
A61K,A61P
A61K,A61P
A61K,A61P
C07K,C12N
C07K,G01N
C12N,A61K
C12N,C12Q
C12N,C07K
C07K,A61K
A61K,A61P
C07K,A61P
C07K,C12N
C07K,C12N
C07K,A61P
C07K,A61P
C07K,C12N
C07K,A61K
C07K,A61P
C07K,G01N
C07K,A61K
A61P,C07K
C12N,C12N
C07H,A61P
C07K,C12N
C07K,C12P
A61K,A61K
C07K,G01N
C07K,A61K
C12N,C07K
A61P,G01N
C07K,G01N
C07K,G01N
A61P,A61K
C07K,C12N
C07K,A61K
C07K,G01N
C07K,C12N
C12N,A61K
C07K,G01N
A61K,A61K
C12N,A61K
A61K,C07H
A61K,A61K
A61K,C07K
C07K,A61K
A61K,C07K
C07K,C12N
C07K,A61P
C07D,A61K
C07K,A61P
A61K,A61P
A61K,A61P
A61K,A61P
G01N,C12Q
C07K,A61K
C07K,A61P
C07K,A61K
C07K,A61P
C07K,A61P
C07K,A61K
C12N,A61P
C07K,A61P
C07K,A61K
C07K,A61P
C07K,C12N
C07K,A61K
C07K,C12N
C07K,A61K
C07K,A61P
C07K,A61K
A61K,A61P
C07K,A61P
C07K,C12P
C07K,A61P
C07K,C07K
C07K,A61P
A61K,A61K
C12N,A61K
C12N,A61K
C07K,A61K
C07K,A61K
A61K,C07K
C12N,C12N
C12Q,A61K
C07H,A61K
C12N,C12Q
A61K,A61P
C07H,A61K
A61K,C07H
C12N,A61P
A61K,C12N
C12P,A61P
A61K,A61K
A61K,A61P
C40B,G01N
C12Q,A61P
C12Q,A61K
A61K,A61K
A61K,A61K
A61K,A61K
A61K,A61K
A61K,A61P
A61K,A61K
A61K,A61K
A61K,A61P
A61K,A61K
A61K,A61P
A61K,A61K
A61K,A61K
A61K,A61P
A61P,A61K
A61K,A61P
A61K,A61P
A61K,A61K
A61K,A61P
A61K,A61P
A61K,A61K
A61K,A61P
A61P,A61P
A61K,A61P
A61P,A61K
A61K,A61P
A61K,A61K
A61K,A61K
A61K,A61P
A61K,A61K
A61K,A61K
A61K,A61P
A61K,A61P
A61K,A61K
A61K,A61K
A61K,A61K
A61K,A61P
A61K,A61P
A61K,A61K
A61K,A61P
A61K,A61P
A61K,A61P
A61K,A61P
A61K,A61P
A61K,C07H
A61K,A61P
A61K,A61K
A61K,A61K
A61K,A61P
A61K,A61K
A61K,A61K
A61K,A61K
A61K,A61P
A61K,A61P
A61K,A61P
A61K,A61P
A61K,G01N
A61K,A61K
A61K,A61P
A61K,A61P
A61K,A61P
A61K,A61K
A61K,A61P
A61K,A61P
A61K,A61K
A61K,A61K
A61K,A61P
C07D,A61K
A61K,G01N
A61K,A61P
A61K,A61P
A61K,A61K
A61K,A61K
A61K,A61K
A61K,A61K
A61K,A61K
A61K,A61P
A61K,A61K
A61K,A61P
A61K,A61K
A61K,A61P
A61K,A61P
A61K,A61P
A61K,A61P
A61K,A61K
A61K,A61K
A61K,A61K
A61K,A61K
A61K,A61K
A61K,A61P
A61K,A61P
A61K,A61K
A61K,A61K
A61K,A61P
A61K,A61P
A61K,A61P
A61K,A61P
A61K,A61P
C07H,A61P
A61K,A61P
A61K,A61P
A61K,A61P
A61K,G01N
A61K,A61P
A61K,A61P
A61K,A61P
A61K,A61P
A61K,A61P
A61K,A61P
A61K,A61P
A61K,A61P
A61K,A61K
A61K,A61P
G01N,A61K
A61K,A61K
A61K,A61K
A61K,A61P
A61K,A61P
C11B,A61P
A61K,A61K
A61K,A61K
A61K,A61P
A61K,A61P
C07H,A61P
A61K,A61P
A61K,A61K
A61K,A61P
A61K,A61K
A61P,A61P
A61K,A61K
A61K,A61K
A61K,A61P
A61K,A61K
A61K,A61P
A61K,A61P
A61K,A61P
A61K,A61K
A61K,A61P
A61K,A61K
A61K,A61P
A61K,A61P
A61K,A61P
A61K,A61P
A61K,A61K
A61K,A61K
A61K,A61P
A61K,A61K
A61P,A61P
A61K,A61K
A61K,A61P
A61K,A61K
A61K,A61P
A61K,A61K
A61K,A61K
A61K,A61P
A61K,A61K
A61K,A61P
A61K,A61K
A61K,A61P
A61K,A61K
A61K,A61P
A61K,A61K
A61K,A61K
A61K,G01N
A61K,A61P
A61K,A61P
A61K,A61P
A61K,A61P
A61K,A61P
A61K,A61P
A61K,A61P
A61K,A61P
A61K,A61P
A61K,A61P
A61K,A61P
A61K,A61P
A61K,A61P
A61K,A61P
A61K,A61P
A61K,A61P
A61K,A61P
A61K,A61K
A61K,A61P
A61K,A61P
A61K,A61P
A61K,A61P
A61K,A61K
A61K,A61P
A61K,A61P
A61K,A61P
A61K,A61P
A61K,A61P
A61K,A61P
A61K,A61P
A61K,A61P
C12N,C12Q
C12N,C12N
A61K,C12N
C07K,A61K
A61K,A61K
C12N,A61P
C07K,A61P
C07K,C12N
C12N,C07K
A61K,C12N
A61K,A61P
A61K,A61P
A61K,A61P
A61K,A61P
A61K,C12Q
G01N,C07K
C12Q,G01N
C07K,C12N
A61K,A61P
A61K,A61P
C07K,A61K
C07K,C12N
G01N,C12Q
C12N,A61K
C12N,C07K
C12N,C12N
C07K,C12N
C07K,A61K
A61K,A61P
G01N,A61K
C07K,A61P
G01N,G01N
C07K,A61K
A61P,A61P
C07K,A61P
G01N,C12N
C07K,A61P
G01N,A61P
C07K,G01N
C07K,A61P
C07K,C12N
C12N,C12P
A61K,A61P
C07K,C12N
A61K,A61P
C12N,A61K
C07K,A61K
A61K,C07K
A61K,C07K
A61K,A61P
A61K,C12N
C12N,C07K
C07K,C12N
C12N,C07K
C12N,C07K
C12N,A61K
C12N,A61P
C12N,A61K
A61P,A61K
A61K,A61P
C07K,G01N
A01N,C07D
C12N,A61K
C12N,A61K
C12N,A61P
C12N,C12N
C07K,A61K
C12N,G01N
C12Q,C12R
C12Q,C12R
C12Q,C12R
C12Q,C12R
C12N,A61P
C07K,G01N
C07K,G01N
C12Q,G01N
G01N,G01N
A61P,G01N
C07K,C12N
C12N,C12Q
C07H,C12Q
G01N,G01N
C12Q,C12N
C12Q,C12R
G01N,G01N
C12N,C07K
C07K,A61K
A61K,C07K
C07K,G01N
C12M,C12R
C12Q,G01N
C12Q,C12R
G01N,G01N
C07H,C12N
G01N,C12N
C12Q,G01N
C12N,C12N
A01N,A61P
C12Q,A61P
C12Q,C12R
C12N,A61P
C12N,A61K
C12Q,C12R
C12Q,C40B
C12Q,C12R
C12Q,C12Q
C12Q,C12R
C12Q,C12Q
C12Q,C12R
C12Q,C12Q
C12N,C07K
C12Q,C12N
C07K,A61K
C12Q,C12R
C12Q,C12R
C12Q,C12R
C12Q,C12R
C12Q,C12R
C12Q,C12R
C12N,C12Q
C12Q,C12R
C12Q,C12R
C12Q,C12R
C12Q,C12Q
C12Q,C12R
C12Q,C12N
C12Q,C12N
C07K,C12N
C12Q,C12R
C07K,G01N
C12N,C12R
A61K,C07K
C12N,A61K
C07K,G01N
C07K,G01N
C07K,A61K
C07K,A61P
G01N,G01N
C12N,G01N
C07K,G01N
G01N,C12N
C12N,C12R
C07K,G01N
C07K,G01N
C12N,G01N
A61K,C07K
C12Q,G01N
C07K,G01N
G01N,G01N
G01N,G01N
C07K,G01N
C07K,G01N
A61K,C07K
C12N,C12N
C07K,G01N
C07K,G01N
C07K,C12N
C07K,A61K
C12N,C12N
C07K,G01N
G01N,C12Q
B01D,G01N
B01D,C12N
G01N,B01D
G01N,B01D
G01N,C12N
G01N,B01J
C12N,B01J
G01N,B01J
C12N,C12Q
G01N,B01J
B01D,G01N
B01L,C12N
B01J,B01J
B01J,C12N
B01J,C12N
B01J,B01J
B01J,C12N
C12N,B01D
B01J,B01J
B01D,C12M
A23J,A23J
B01J,G01N
B01J,B01J
B01J,B01J
B01J,B29C
C12N,C12N
C12N,B01D
B01D,C07K
C08L,G01N
B01J,H01F
B01J,C12N
C12N,B01J
B01J,C12Q
C07K,C12N
B01J,C12Q
G01N,B01J
C12N,B01J
C12Q,G01N
C07K,C07H
C12N,C12Q
C12N,B01J
B01D,C08F
B01D,C12N
G01N,G01N
G01N,B01D
B01J,H01F
B01J,C08B
C12N,B01J
C12Q,B01D
C07H,B01D
G01N,B01J
G01N,B01D
B01D,G01N
C12P,B01L
B01L,C12M
B01L,C12M
B01L,C12M
B01L,F16K
B01L,G01N
C12M,B01L
G01N,C12P
B01L,G01N
B01L,G01N
C12Q,B01L
G01N,B01L
B01L,G01N
B01L,C12N
C12M,B01L
B01L,G01N
B01L,C12M
C12Q,C12Q
B01L,C12M
B01L,C12Q
C12M,C12M
C12Q,B01L
G01N,C12Q
C12M,C12M
C12M,B01L
B01L,C12Q
B01L,C12Q
B01L,C12Q
G01N,C12Q
B01J,C12Q
C12N,B01D
A61B,A61B
A61M,A61M
A61M,A61B
A61M,A61B
A61B,A61M
A61M,A61B
A61B,G06F
A61M,A61B
A61M,A61M
A61M,A63B
A61M,A61M
G10K,A61M
A61M,A61M
A61B,G09B
A61B,A61B
A61B,A61M
A61B,A61M
F04D,F04D
G05D,A61M
G06T,A61M
A62B,A62B
H02K,A61M
A61B,A61M
A61M,A61M
A61M,A61M
A61B,A61M
A61M,F16K
A61B,A61M
A61B,A61M
A61M,A61F
A61M,A61L
B60H,F24F
E04H,F24F
A61G,B01D
E04H,B01D
A61G,A61M
A61G,F24F
E04H,B01D
A61G,B01D
A61G,A61L
E04H,E04H
A61M,A61M
A61M,F28F
A61M,A61M
A61M,A61B
A61M,A61M
A61M,A61G
A61L,A61L
B25J,A61L
B25J,B25J
A61L,A61L
A61L,A47L
B25J,B60K
A47L,A61L
A61L,A61L
A61L,A61L
B02C,A61L
B02C,A61L
A47L,A61L
A61L,A47L
A61L,A61L
A61J,B01F
B25J,B25J
B25J,B25J
B25J,B25J
B65D,B65D
B65G,B25J
B25J,B25J
G16H,G06F
B25J,G09F
G05D,G06Q
H04B,B25J
B25J,B25J
B25J,A47G
B25J,G09F
B65D,B65D
A61B,A61B
B25J,G06Q
G16H,G06T
B25J,B62D
A61B,A61B
A61B,A61B
G16H,A47B
A61B,A61B
B25J,B25J
A61B,A61B
A61B,A61B
G06F,G16H
A61B,A61M
G16H,G16H
G16H,G10L
A61B,A61B
A61B,A61M
G16H,G07F
G16H,G06F
G01N,A61B
H04L,B25J
B25J,B25J
A61G,A61G
B25J,A61B
A61G,A61G
A61G,A61G
A61H,A61M
A61B,G06F
A61B,H04N
G08B,B25J
B25J,B25J
A61G,A61H
B25J,B25J
A61G,B25J
G16H,G16H
A61G,A61G
A61G,G06K
A63B,A61B
A47K,A45D
B25J,B25J
B25J,A61B
A61G,A61N
B25J,A61J
A61G,B25J
A61G,A61G
G06F,B25J
A61G,A61G
G05D,G01S
G01J,G01K
G06K,G01K
G01K,A61B
G07C,A61B
G16H,A61B
A61B,G06Q
A61B,A61L
G01J,A61B
A61B,G01K
G01J,A61B
G01K,A61B
G01K,A47K
G01J,G01J
A61B,G01K
A61B,G01J
G01J,A61B
A61B,G06K
G01K,G01J
G01K,A61B
A61B,G01K
G01J,G01K
G01J,G01K
G01J,G01K
A61B,G06T
G06T,A61B
G06T,A61B
G06T,G06T
A61B,A61B
A61B,A61B
G06T,A61B
A61B,G01T
A61B,A61B
H01J,H01J
A61B,A61B
A61B,B29L
B60P,A61B
A61G,F16F
A61B,B60P
A61B,B60P
A41D,A41D
A41D,A41D
A41D,A41D
C09D,C09D
A41D,B32B
A41D,B01D
A41D,G01D
B01D,B01D
G02C,G02C
G02C,G02C
G02C,G02B
G02C,G02C
G02C,A61F
A41D,A41D
A41D,A41D
A41D,A41D
A41D,A41D
A41D,A41D
A41D,A41D
A41D,A41D
A41D,A41D
A41D,A41D
A41D,A41D
A41D,A41D
A61H,B08B
G08B,A61H
A61G,A61B
C09D,C09D
A62B,A61L
C09D,C09D
A41D,C09D
B32B,B32B
B32B,B32B
C08J,C09D
C09D,C08F
C09D,A01N
A01N,B05D
C01G,C09D
C09D,C09D
C12N,A61K
A61L,A61L
A61L,A61K
A61L,A61L
A61L,A61L
A61L,C08L
F24F,A61L
B01J,B01D
D06M,B01D
B01D,A61L
F24F,F24F
A01N,A01P
A61K,A61P
A01N,A61K
A01N,A01P
A61L,B03C
A61L,B08B
A61L,A61L
A61L,A61L
A61L,A61L
A61G,A61L
A61L,A61L
A61L,A61M
A01N,A01N
A01P,A01N
A61L,A61K
A01N,C11D
A61K,A61P
C02F,C02F
F24F,A61L
F24F,F24F
B01D,A61L
A61L,B03C
D06M,B01D
A61K,A61K
A61K,A01N
A61K,A61P
A61K,A61P
A61K,A61Q
C08L,C08L
D06P,C11D
A61L,A61L
A61L,G01N
A61B,B65B
A61L,C01B
B65F,A61M
B09B,A61L
C10G,B09B
F23G,F23G
B09B,C04B
B65F,A61L
F23G,F23G
B09B,B02C
B09B,B02C
B02C,A61L
C10G,B09B
B65F,A61L
C10B,B01D
F23G,A61L
B65D,A61J
B09B,C10J
F23G,B01D
F23G,C10G
B01F,B02C
B09B,F23G
F23G,A61L
A61M,A61M
B09B,B02C
B02C,A61L
B65F,A61M
B02C,B02C
F27B,G05B
F26B,F26B
A61B,A61L
A61L,A61L
B08B,B08B
B08B,F26B
F23G,F23G
B02C,B07B
B09B,B07B
B65F,A61M
B65F,B65F
C02F,B01D
C02F,G01M
C02F,C02F
C02F,F16K
C02F,C02F
C25B,C02F
C02F,C02F
C02F,A01N
A01N,A01P
A01N,A01P
C02F,A01N
A01N,A01N
A01N,A01N
C02F,C02F
C02F,C02F
C25B,C02F
C25B,C25B
C02F,C02F
C02F,C02F
C02F,C25B
B01J,C02F
B01J,C02F
B01J,A01N
B01J,C02F
C02F,C02F
B01J,C02F
C02F,C02F
B01D,C02F
F24J,H02J
C02F,C02F
G06F,C02F
C02F,C02F
G06T,G06T
G06T,G16H
G16H,G06F
G06T,G06K
G06T,G06N
G06T,G06T
G06F,G06T
G06T,G16H
G06T,G06T
G06T,G06T
G16H,G06N
G06T,G06T
G16H,G06F
G16H,G06K
G16H,G06N
G06T,G06T
G06T,G16H
G16H,G06F
G06K,G06T
G06T,A61B
G06T,G06N
G06K,G06F
G06T,G06T
G06K,G06T
G06T,G06T
G06K,G06F
G06T,G06K
G06T,G06N
G06T,G06T
G06T,G06K
G06T,G06N
G06T,G06N
G06T,G06T
G06T,G06K
G16H,A61B
G06F,G06F
G16H,G10L
G16H,G06F
G16H,G10L
G10L,G10L
G10L,H04L
G06Q,G06F
G16H,G06F
G16H,G16H
G16H,G06N
G16H,G06F
G16H,G06K
G16H,G06F
G16H,G01C
G16H,G06F
G16H,G06Q
G16H,G06F
G16H,G16H
G16H,G06Q
G06Q,G16H
G16H,G16H
G16H,G06K
G07C,H04L
G16H,A61B
G06K,G06T
G16H,G06F
G01J,G01K
G06T,G16H
G01K,G16H
G06F,G06N
G16H,G01K
G06F,G06F
G16B,C12Q
G06Q,G06F
G16H,G06N
G01K,G01J
G16H,G16H
G16H,G06K
A47C,A47C
A47C,A47C
G06Q,G06F
G06Q,G07C
G16H,G06Q
G06F,G06K
A47C,G07C
G06Q,H04L
G06Q,A62B
G01K,G07F
G06Q,H04L
G06F,G16H
G16H,G10L
G08G,H04L
H04L,G06F
H04W,H04L
G06F,G01S
G01S,G06Q
G06F,A61J
H04M,G16H
G06F,G06F
G06F,G06F
G06F,G06F
G06F,G06F
G06Q,G06F
G16H,G06N
G06F,G06Q
G06F,G06F
G06Q,G06F
G06F,G06F
G06F,G06F
G06F,G06F
G06F,G06Q
G06F,G06F
G06F,G06F
G06F,G06Q
G06F,G06Q
G06Q,G06F
G06F,G06F
G06F,G06F
G06F,G06F
G06F,G06F
G06F,A63F
G06F,G06F
G06F,G06F
G06F,G06F
G06F,G06F
G06F,G06F
G06F,G06Q
G06F,G06Q
G16H,A61B
G06Q,G06F
G06F,G01C
G06F,G16H
G06F,G06K
G16H,G06F
G16H,G06N
G06F,G01C
G16H,G06F
G16H,G01D
G06F,G06K
G16C,G06N
G06F,A61K
C07K,A61P
C07K,C12N
A61K,A61K
G06F,A61P
C07D,A61K
C07K,A61P
C07D,A61P
G06F,A61K
C07D,C40B
A61K,A23K
C07K,C07K
C07K,C07K
C07K,A61K
C12Q,A61P
A61K,A61P
A61K,C12Q
C12Q,C07D
G06F,C40B
C07K,C12Q
C07K,A61K
C07K,C12N
A61K,C07D
A61K,A61K
A61K,C07D
C07H,A61P
C07H,C07H
A61K,A61P
A61K,A61K
A61K,A61P
A61K,A61P
C07H,C07H
C07H,A61K
C07H,A61K
C07H,A61P
C07H,A61K
C07H,A61P
A61K,C07C
A61K,B82Y
C07D,C07D
C07D,C07D
A61K,A61K
A61K,A61P
A61K,A61K
A61K,A61K
A61K,A61P
A61K,A61P
A61K,A61P
A61K,A61P
A61K,C07F
A61K,A61K
A61K,A61P
A61K,A61K
A61K,A61K
A61K,A61K
A61K,A61K
C07D,C07D
A61K,A61P
C07D,A61K
A61K,A61K
A61K,A61P
C07C,A61K
C07C,A61P
C07C,A61P
C07H,C07H
A61K,C07D
C07D,A61K
A61K,A61P
C07H,A61P
A61K,A61P
C07H,A61P
C07H,A61P
A61K,A61P
A61K,A61P
C07D,C07H
C07C,C07D
A61K,A61K
C07D,A61P
C07D,A61P
A61K,A61P
A61K,A61P
C07D,A61K
C07C,A61K
C07D,A61K
C07D,A61K
A61K,C07D
A61K,C07K
A61K,A61K
A61K,A61K
A61K,A61P
C07H,A61P
A61K,A61K
A61K,A61P
C07F,A61P
C07D,A61P
C07C,A61K
C07D,A61K
C07D,C07D
A61K,A61P
C07C,C07C
A61K,A61K
C07D,A61P
C07C,A61K
C07D,A61P
C07D,C12R
C07C,C07D
C07C,A61P
C07D,A61P
C07C,C07C
C07D,A61P
C07C,C07D
C07C,A61K
C07D,A61P
A61K,A61K
C07D,A61K
C07D,A61P
C07D,A61P
C07D,A61K
A61K,A61P
A61K,A61P
A61K,C07D
A61K,A61P
C07D,A61K
A61K,A61P
C07D,A61K
C07D,G01N
C07D,C07C
A61K,A61P
A61K,A61K
A61K,A61P
A61K,A61P
A61K,C07H
A61K,C07C
C07D,A61K
A61K,C07D
C07D,A61P
C07D,A61K
A61K,A61P
C07C,A61P
C07D,C12R
C07D,A01P
C07D,A61P
C07D,A61P
C07D,A61K
C07D,C07D
A61K,A61P
C07D,A61P
C07D,C07D
C07F,A61K
A61K,A61P
A61K,A61P
A61K,A61P
A61K,A23L
C07H,A61P
C07C,A61P
C07D,C07D
C07D,C07D
A61K,A61P
A61K,A61P
A61K,A61P
C07C,C07D
A61K,A61K
A61K,A61K
C07D,A61K
A61K,A61P
C07J,A61P
C07C,A61P
C07D,A61K
A61K,A61P
C07H,A61P
C07D,A61K
C07D,C07D
A61K,A61P
A61K,A61P
C07H,A61K
A61K,A61K
C07K,A61K
C07K,C12N
A61K,A61P
A61K,A61P
A61K,A61P
A61K,A61P
A61K,A61P
A61K,A61K
A61K,A61P
A61K,A61K
A61K,A61K
A61K,A61K
A61K,A61K
A61K,A61K
A61K,A61P
A61K,A61K
A61K,A61P
A61K,A61P
A61K,A61K
A61K,A61P
C07K,C12N
A61P,A61P
C07K,C12Q
A61K,C12N
A61K,A61P
A61K,A61P
A61K,A61P
A61K,A61P
A61K,A61P
C07K,C12N
C07K,A61K
C12N,A61K
C12N,G01N
C12N,G01N
C07K,A61K
A61K,A61P
C07K,A61P
C07K,A61K
C07K,A61K
C07K,G01N
C07K,G01N
C07K,C12N
C07K,A61P
C07K,G01N
C07K,A61P
A61P,A61K
C12N,A61P
C07H,C07K
C07K,A61K
C07K,A61K
C07K,A61K
C12N,A61K
A61P,A61K
C07K,G01N
C07K,G01N
A61P,A61K
C07K,C12P
C07K,A61K
C07K,G01N
C12N,A61K
C07K,G01N
C12N,A61P
A61K,C07K
A61K,A61P
A61K,C07K
C07K,A61P
A61K,C07K
C07K,A61K
C07D,A61K
C07K,A61P
A61K,A61P
A61K,A61P
A61K,C12P
G01N,A61P
C07K,A61K
C07K,A61P
C07K,A61P
C12N,A61P
C07K,A61P
C07K,A61K
C07K,A61P
C07K,A61K
C07K,A61P
C07K,C12N
C07K,A61K
C07K,A61P
C07K,A61P
A61K,A61P
C07K,A61P
C07K,A61K
C07K,A61K
C07K,A61P
A61K,A61K
C12N,A61K
C12N,A61K
C07K,A61K
C07K,A61K
A61K,C07K
C12N,C12N
C12Q,A61K
C07H,A61P
C12N,C07H
C07H,A61P
A61K,C12P
C12N,A61P
A61K,C12N
C12P,A61P
A61K,A61K
A61K,A61K
C40B,A61K
C12Q,A61P
A61K,A61K
A61K,A61K
A61K,A61K
A61K,A61K
A61K,A61P
A61K,A61K
A61K,A61P
A61K,A61K
A61K,A61K
A61K,A61K
A61K,A61K
A61K,A61K
A61K,A61P
A61K,A61P
A61P,A61K
A61K,A61P
A61K,A61P
A61K,A61K
A61K,A61K
A61K,A61P
A61K,A61M
A61K,A61K
A61K,A61P
A61K,A61P
A61K,A61K
A61K,A61K
A61K,A61K
A61K,A61P
A61K,A61P
A61K,A61K
A61K,A61P
A61K,A61P
A61K,A61P
A61K,A61P
A61K,C07H
A61K,A61K
A61K,A61K
A61K,A61K
A61K,A61P
A61K,A61K
A61K,A61P
A61K,C07C
A61K,A61K
A61K,A61P
A61K,A61P
A61K,A61K
A61K,A61P
A61K,A61P
A61K,A61K
A61K,A61K
C07D,A61K
A61K,G01N
A61K,A61P
A61K,A61P
A61K,A61K
A61K,A61K
A61K,A61K
A61K,A61P
A61K,A61P
A61K,A61K
A61K,A61K
A61K,A61K
A61K,A61K
A61K,A61K
A61K,A61K
A61K,A61K
A61K,A61K
A61K,A61K
A61K,A61K
A61K,A61P
A61K,A61K
A61K,A61P
A61K,C07C
A61K,A61P
A61K,A61P
C07H,A61P
A61K,A61K
A61K,G01N
A61K,A61K
A61K,A61P
A61K,A61K
A61K,A61K
A61K,A61P
A61K,A61K
A61K,A61P
G01N,A61K
A61K,A61P
A61K,A61P
A61K,A61P
C11B,A61P
A61K,A61K
A61K,A61K
C07H,A61P
A61K,A61K
A61K,A61P
A61K,A61K
A61P,A61K
A61K,A61K
A61K,A61K
A61K,A61P
A61K,A61K
A61K,A61K
A61K,A61P
A61K,A61P
A61K,A61P
A61K,A61P
A61K,A61K
A61K,A61P
A61K,A61K
A61P,A61K
A61K,A61K
A61K,A61P
A61K,A61K
A61K,A61P
A61K,A61K
A61K,A61P
A61K,A61P
A61K,A61K
A61K,A61K
A61K,A61K
A61K,A61K
A61K,A61P
A61K,A61K
A61K,A61K
A61K,G01N
A61K,A61P
A61K,A61K
A61K,A61P
A61K,A61P
A61K,A61P
A61K,A61P
A61K,A61K
A61K,A61P
A61K,A61P
A61K,A61P
A61K,A61K
A61K,A61K
A61K,A61P
A61K,A61P
A61K,A61P
A61K,A61P
A61K,A61K
A61K,A61P
A61K,A61P
A61K,A61P
A61K,A61P
A61K,A61K
A61K,A61P
C12N,G01N
C12N,C07H
A61K,C12N
C07K,A61K
C07K,C12N
C12N,A61K
A61K,C12N
A61K,C12N
A61K,C12N
A61K,C12N
A61K,A61P
A61K,A61K
G01N,A61K
C12Q,G01N
C07K,A61K
A61K,C12N
A61K,A61P
C07K,A61K
C07K,C12N
G01N,A61P
C12N,A61K
C12N,A61K
C07K,A61K
C07K,A61K
A61K,C12N
G01N,C12N
C07K,G01N
G01N,C07K
C07K,A61K
C07K,C12Q
G01N,G01N
C07K,G01N
G01N,A61K
C07K,G01N
C07K,C12N
C12N,A61K
A61K,A61P
A61K,A61P
C12N,A61K
C07K,A61K
A61K,C12N
A61K,C07K
A61K,A61P
A61K,C12N
C12N,A61K
C07K,A61K
C12N,A61K
C12N,A61K
C12N,A61P
C12N,A61P
A61P,A61K
A61K,A61P
A01N,C12N
C12N,C07K
C12N,C07K
C12N,C12N
C07K,A61K
C12N,A61P
C12N,C12R
C07K,G01N
C12Q,G01N
G01N,C07K
A61P,A61K
C07K,A61K
C12Q,C12R
G01N,G01N
C12N,A61K
C07K,A61K
A61K,C12Q
C12Q,C12R
C07H,C12N
C12Q,G01N
C12N,C12Q
A01N,C12N
C12Q,A61P
C12N,C12Q
C12N,G01N
C12Q,C12R
C12Q,C12R
C12Q,C12R
C12Q,C12M
C12N,G01N
C12Q,C12R
C07K,A61P
C12N,C12Q
C12Q,C12N
C07K,A61K
C07K,C07K
A61K,C12N
C12N,A61P
C07K,A61K
C07K,A61P
C07K,G01N
G01N,C12Q
C12N,A61P
C07K,A61K
C07K,C07K
C12N,C12R
A61K,C07K
C12Q,G01N
C07K,G01N
A61K,C12Q
C12N,G01N
C07K,A61K
C07K,C12N
C12N,C12N
C07K,G01N
B01D,C07H
G01N,C12N
C12N,C12M
C12N,C12Q
G01N,B01J
B01J,B01J
B01J,B01D
B01J,G01N
B01D,C12N
A23J,B01D
B01J,B33Y
C12N,C12P
C12N,B03C
B01D,C12N
C08L,B01J
B01J,C12N
B01J,C12Q
C07K,G01N
B01J,C12Q
G01N,C12N
C12Q,G01N
C12N,C12Q
C12N,C12N
B01D,C12Q
B01D,C08J
B01J,G01N
C12N,B01D
C07H,C12N
G01N,C12Q
B01L,C12M
B01L,C12M
B01L,C12M
B01L,C12M
C12M,G01N
C12Q,B04B
G01N,B01L
B01L,C12N
B01L,B01L
B01L,C12M
C12Q,C12Q
B01L,C12M
C12M,B01L
C12Q,G01N
A61M,A61M
A61M,A61M
A61M,A61M
A61M,A61M
A61M,G01F
A61B,G09B
A61B,A61M
F04D,F04D
G05D,A61M
A62B,B29C
A61M,A61M
A61M,A61M
A61B,A61M
A61M,B29C
A61M,A61L
A61G,F24F
A61M,A61B
A61M,A61B
A61L,A61L
A61L,A47L
A47L,A61L
A61L,A61L
B02C,A61L
B02C,A61L
A47L,A61L
A61L,A47L
A61J,B01F
B25J,A61G
B25J,A61G
B65D,B25J
B25J,B25J
B25J,G09F
H04B,B25J
B25J,G09F
B65D,B25J
A61B,G05D
B25J,B62D
A61B,A61B
A61B,B25J
G16H,A47B
A61B,G05D
G06F,G10L
G16H,G06Q
H04L,G06Q
A61G,A61G
B25J,A61B
A61G,A61G
A61G,A61G
A61H,B25J
A61B,G05D
G08B,B25J
B25J,A61G
G16H,B25J
A47K,A61H
B25J,A61G
A61G,A61N
G06F,B25J
G05D,G07C
G01J,G01K
G06K,G01J
A61B,G06Q
A61B,G01J
A61B,G01K
G01K,A61B
G01J,G01K
G01J,G01K
G01J,G01K
G06T,A61B
H01J,A61B
A61B,B22F
A41D,D01F
A41D,A41D
C09D,C09D
A41D,B32B
A41D,B01D
B01D,B01J
G02C,A61F
G02C,G02C
A41D,A41D
A41D,B32B
A41D,A41F
A41D,A41B
A41D,A41D
A41D,A41D
A61H,B08B
G08B,A62B
C09D,C09D
A62B,B01D
A41D,C09D
B32B,B32B
B32B,B32B
C08J,C09D
C09D,C08F
C09D,A01N
A01N,B05D
C01G,C09D
C09D,C09D
C12N,A61K
A61L,A61K
A61L,A61L
A61L,C08L
F24F,A61L
B01J,B01J
D06M,D03D
F24F,A61L
A01N,A61L
A61K,A61P
A01N,A61K
A61L,B03C
A61G,A61L
A61L,A61L
A01N,A01N
A01P,A01N
A61L,A61K
A01N,C11D
A61K,A61K
F24F,A61L
A61L,B03C
D06M,D03D
A61K,A61K
A61K,A01N
A61K,A61P
A61K,A61Q
C08L,C08L
D06P,C11D
A61B,B65D
A61L,A61L
B65F,A61B
B09B,A61B
F23G,F23G
B65F,A61L
F23G,F23G
B09B,B02C
B09B,A61L
B02C,A61L
B65F,A61L
C10B,B01D
B09B,C10J
F23G,A61L
B65F,A61B
F27B,B09B
F26B,A61L
B08B,F26B
F23G,F23G
B02C,B30B
B65F,A61B
B65F,A61L
C02F,G01N
C02F,C02F
C02F,F16K
C25B,C02F
C02F,A01P
A01N,C02F
A01N,A01P
C02F,A01N
A01N,A01P
A01N,A01P
C25B,C02F
C02F,C02F
B01J,C02F
B01J,C02F
B01J,C02F
B01J,C02F
F24J,H02N
C02F,C02F
G06T,G06N
G16H,G06F
G06T,G06K
G06T,G06T
G06F,G06T
G06T,G16H
G06T,G06K
G06T,G06T
G06T,G16H
G06T,G06T
G06T,G16H
G16H,G06F
G06T,G06T
G06K,G06T
G06T,G06T
G06T,G06T
G06T,G06K
G06T,G06K
G06T,G16H
G16H,A61B
G06F,G06F
G16H,G10L
G10L,G16H
G10L,G16H
G16H,G06K
G16H,G06N
G16H,G06N
G16H,G06F
G16H,G06K
G16H,G06F
G07C,G10L
G16H,A61B
G16H,G06F
G01J,G01K
G06F,G16H
G16B,C12Q
G16H,G06N
G16H,G16H
A47C,A47C
G06Q,G07C
G16H,G06F
G06F,G07C
G06Q,A62B
G01K,G07F
G16H,G10L
G08G,G06Q
H04L,G08G
H04W,G06F
G06F,G07F
H04M,G16H
G06F,G06F
G06Q,G06F
G16H,G06N
G06F,G06F
G06F,G16H
G06F,G06F
G06F,G06Q
G06F,G06F
G06F,G06Q
G06F,G06F
G06F,G06F
G06F,G06F
G06F,G06F
G06F,G06Q
G06F,G06Q
G06F,G06Q
G06F,G06K
G16H,G06F
G06F,G06Q
G16H,G06F
G06F,G06K
G06F,A61K
C07K,C12N
A61K,A61K
G06F,A61P
C07K,A61P
G06F,A61K
C07K,C07K
A61K,G06G
C12Q,C07C
G06F,G01N
C07K,G01N
C07K,A61K
C07K,C12P
A61K,C07F
A61K,A61P
A61K,A61P
C07H,A61K
C07H,A61K
A61K,A61P
A61K,A61K
A61K,A61P
C07H,A61K
C07H,A61P
C07H,A61K
C07H,A61P
C07H,A61K
C07H,A61P
A61K,C07C
C07D,C07D
C07D,C07D
A61K,A61K
A61K,A61P
A61K,A61P
A61K,A61P
A61K,A61P
A61K,A61K
A61K,A61K
C07D,C07D
A61K,A61K
A61K,A61K
C07C,A61K
C07H,C07H
C07D,A61K
A61K,C07H
C07H,A61P
A61K,C07H
C07H,A61P
C07H,A61P
A61K,C07H
A61K,C07H
C07D,A61K
C07C,C07D
A61K,A61P
C07D,A61K
C07C,A61K
C07D,A61K
C07D,A61K
A61K,C07D
A61K,C07K
A61K,A61P
A61K,C07H
C07H,A61P
A61K,A61K
A61K,A61P
C07C,A61K
C07D,A61K
C07D,C07D
A61K,C07C
C07C,C07C
A61K,C07H
C07C,A61P
C07C,A61P
C07C,C07C
C07C,C07D
C07C,A61P
A61K,A61K
C07D,A61K
C07D,A61P
C07D,C07D
C07D,A61P
C07D,A61P
C07D,A61K
C07D,C07C
A61K,A61P
A61K,A61K
A61K,C07C
C07D,A61K
A61K,C07D
C07D,A61P
C07D,A61K
A61K,A61P
C07D,A01P
C07D,A61P
C07D,A61P
C07D,A61P
C07D,C07D
C07D,A61P
C07D,A61K
C07F,A61P
A61K,A61P
A61K,A61P
A61K,A61K
C07H,A61P
C07C,A61P
C07D,C07D
C07D,C07D
A61K,A61P
A61K,A61P
C07C,A61P
A61K,A61K
A61K,A61P
C07D,A61P
A61K,A61P
C07J,A61P
C07C,A61P
C07D,A61P
A61K,A61P
C07H,A61P
C07D,A61K
C07H,A61K
A61K,A61K
C07K,A61K
C07K,C12N
A61K,A61P
A61K,A61P
A61K,A61P
A61K,A61P
A61K,A61K
A61K,A61K
A61K,A61P
A61K,A61K
A61K,A61P
A61K,A61P
C07K,A61K
C07K,G01N
A61K,C12P
C07K,A61K
C07K,A61P
C12N,C07K
C12N,G01N
C07K,A61P
A61K,C07K
C07K,A61P
C07K,A61P
C07K,A61K
C07K,G01N
C07K,A61K
A61P,A61K
C12N,A61P
C07H,A61P
C07K,G01N
C07K,A61K
C07K,A61K
C12N,A61P
A61P,A61P
C07K,A61K
A61P,A61P
C07K,G01N
C07K,A61P
C12N,A61K
C07K,G01N
C12N,C07K
A61K,C12N
A61K,C12N
C07K,A61P
A61K,C07K
C07K,A61P
C07D,A61P
A61K,A61P
A61K,C12P
G01N,A61P
C07K,A61P
C12N,A61P
C07K,A61P
C07K,A61K
C07K,A61K
C07K,C12N
C07K,A61P
C07K,A61P
C07K,C12N
A61K,A61P
C07K,A61P
C07K,C07K
C07K,A61P
A61K,A61K
C12N,A61P
C12N,A61P
C07K,A61K
C07K,A61K
A61K,C07K
C12N,C12N
C07H,A61P
C12N,A61K
C07H,A61P
C12P,A61K
A61K,A61K
C40B,A61P
C12Q,A61P
A61K,A61P
A61K,A61K
A61K,A61K
A61K,A61K
A61K,A61K
A61K,A61P
A61K,A61P
A61K,A61K
A61K,A61K
A61K,A61K
A61P,A61P
A61K,A61K
A61K,A61P
A61K,A61K
A61K,A61K
A61K,A61P
A61K,A61K
A61K,A61P
A61K,A61P
A61K,A61K
A61K,A61K
A61K,A61K
A61K,A61P
A61K,A61P
A61K,A61P
A61K,A61P
A61K,A61P
A61K,A61K
A61K,A61P
A61K,A61P
A61K,A61K
A61K,A61P
A61K,A61P
A61K,A61K
A61K,A61K
A61K,A61P
A61K,A61K
A61K,A61P
A61K,A61P
A61K,A61K
C07D,A61K
A61K,A61K
A61K,A61P
A61K,A61K
A61K,A61K
A61K,A61K
A61K,A61K
A61K,A61K
A61K,A61K
A61K,A61P
A61K,A61K
A61K,A61K
A61K,A61P
A61K,A61K
A61K,A61P
A61K,A61P
A61K,G01N
A61K,C07H
A61K,A61P
C07H,A61P
A61K,G01N
A61K,A61K
A61K,A61K
A61K,A61K
A61K,A61P
A61K,A61P
A61K,A61K
A61K,A61P
A61K,A61P
C07H,A61P
A61K,A61K
A61K,A61K
A61K,A61P
A61P,A61K
A61K,A61K
A61K,A61K
A61K,A61P
A61K,A61P
A61K,A61K
A61K,A61P
A61K,A61P
A61K,A61P
A61K,A61K
A61K,A61P
A61P,A61P
A61K,A61P
A61K,A61P
A61K,A61P
A61K,A61P
A61K,A61P
A61K,A61P
A61K,A61K
A61K,A61K
A61K,A61K
A61K,A61K
A61K,A61P
A61K,A61K
A61K,A61K
A61K,A61K
A61K,A61P
A61K,A61P
A61K,A61K
A61K,A61K
A61K,A61K
A61K,A61P
A61K,A61P
A61K,A61P
A61K,A61K
C12N,C07K
C12N,C12Q
A61K,A61P
C07K,A61K
C07K,C12N
C12N,A61P
A61K,C12N
A61K,C12N
A61K,A61P
G01N,C12Q
C12Q,C12Q
C07K,G01N
A61K,C12N
C07K,C12N
G01N,A61P
C12N,A61K
C12N,A61K
C07K,A61P
C07K,A61P
A61K,C12N
G01N,C12N
C07K,A61P
C07K,C12Q
G01N,A61K
C07K,A61K
G01N,C07K
C07K,A61K
C07K,A61K
C12N,A61P
A61K,C07K
A61K,C07K
C12N,A61K
C07K,A61K
A61K,C12P
A61K,C07H
A61K,C12N
C12N,A61P
C07K,A61P
C12N,C12R
A01N,C12N
C12N,A61P
C12N,C12N
C12N,C12N
C07K,A61P
C12N,A61P
C07K,G01N
C12Q,C12Q
A61P,A61P
C07K,G01N
C12Q,C12R
C12N,A61P
A61K,G01N
C07H,C12N
C12Q,G01N
A01N,C12Q
C12N,G01N
C12Q,C12R
C12Q,C12R
C12Q,C12M
C12N,G01N
C12Q,C12R
C07K,A61P
C12N,A61K
C07K,A61P
C07K,C12R
A61K,C12P
C12N,C07K
C07K,A61P
C07K,G01N
C12N,A61P
C07K,A61P
C07K,C12R
A61K,C07K
C07K,G01N
A61K,G01N
C12N,G01N
C07K,A61P
C12N,C12Q
C07K,G01N
G01N,C12Q
C12N,C12Q
C12N,C12Q
G01N,C07K
B01J,B01J
B01J,C12Q
B01D,C08B
A23J,B01D
C12N,G01N
C12N,C07K
B01D,B01D
C08L,B01J
B01J,C12Q
C07K,B01J
B01J,G01N
G01N,C12Q
C12Q,C12M
C12N,C12Q
C12N,C07H
B01D,G01N
B01D,C08L
B01J,G01N
C12N,C07D
G01N,G01N
B01L,C12Q
B01L,C12Q
B01L,C12Q
B01L,C12M
B01L,C12Q
B01L,C12M
C12Q,C12Q
B01L,C12Q
C12M,B01L
C12Q,G01N
A61M,A61M
A61M,A61M
A61M,G01F
F04D,A61M
G05D,H02M
A62B,A42B
A61M,A61M
A61M,A61L
A61M,A61M
A61M,A61B
B02C,A61L
A47L,A47B
A61J,B65B
A61B,B25J
B25J,A61L
A61B,B25J
A61B,B25J
G06F,G10L
A61G,A61H
B25J,A61B
A61B,G01D
G08B,B25J
B25J,A61G
G16H,B25J
A47K,B25J
B25J,A61G
G05D,G07F
G01J,G01K
A61B,G01K
G01J,A61B
G01J,A61B
G01J,G01K
A61B,G06T
A41D,D01F
C09D,C09D
B01D,B01D
G02C,G02C
A41D,A41D
A41D,B32B
A41D,A41B
A41D,A41D
A41D,A41D
A62B,B01D
A41D,C09D
B32B,C09D
B32B,B32B
C08J,C09D
C09D,C08F
C09D,A01P
A01N,C09D
C01G,A01N
C09D,C09D
C12N,A61P
A61L,A61K
A61L,B32B
F24F,A61L
B01J,B01J
D06M,D06M
F24F,B01D
A01N,A61L
A61K,A61P
A01N,A61K
A61G,A61L
A01N,A01N
A01P,A01N
A61L,A61P
A01N,C11D
A61K,A61Q
F24F,B01D
D06M,D06M
A61K,A61K
A61K,A01P
A61K,A61Q
A61K,A61P
C08L,C08L
D06P,C11D
A61B,B65D
B65F,A61B
B65F,A61L
B09B,A61L
B65F,A61L
C10B,B01D
B09B,C10J
B65F,A61B
B08B,F26B
F23G,F23G
B02C,A61L
B65F,A61B
C02F,G01F
C02F,C02F
C02F,F17C
A01N,C02F
A01N,A01P
C02F,A01N
A01N,A01P
A01N,A01N
C25B,C25B
B01J,C02F
B01J,C02F
G16H,G06K
G06T,G16H
G06F,G06T
G16H,G06F
G06T,G06T
G06T,G16H
G16H,A61B
G06F,G10L
G10L,G06F
G16H,G06N
G16H,G06N
G16H,G06N
G16H,G06N
G16H,G06N
G16H,G06F
G07C,G10L
G16H,A61B
G16H,G06F
G01J,G01K
G16H,G16H
G16H,G06F
G01K,G07F
G06F,G07F
H04M,A61B
G06F,G06F
G06Q,G06F
G06F,G06Q
G06F,G06Q
G06F,G06F
G06F,G06K
G06F,G16H
G06F,G16H
G16H,G06K
G06F,A61K
C07K,C12N
A61K,A61K
G06F,A61P
G06F,A61K
C07K,A61K
C12Q,A61P
G06F,G06F
C07K,A61K
C07K,C07K
C07H,A61P
C07H,A61P
A61K,A61K
A61K,A61P
C07H,A61K
C07H,A61K
C07H,A61P
C07H,A61P
C07D,A61K
A61K,A61K
A61K,A61K
A61K,A61P
A61K,A61P
A61K,A61K
C07D,C07D
A61K,A61K
A61K,A61P
C07C,A61P
C07H,C07H
C07D,A61P
A61K,C07H
C07H,A61P
A61K,C07H
C07H,A61P
C07H,A61P
A61K,C07H
A61K,C07H
C07D,A61K
C07C,C07D
A61K,A61P
C07D,A61K
C07C,A61P
C07D,A61P
C07D,A61P
A61K,C07D
A61K,C08B
A61K,C07H
A61K,A61K
A61K,A61P
C07C,A61P
C07D,A61K
C07D,C07D
A61K,C07C
C07C,C07C
C07C,A61P
C07C,C07C
A61K,A61P
C07D,A61P
C07D,A61P
C07D,A23K
C07D,A61K
C07D,A61K
A61K,A61P
A61K,A61P
A61K,C07C
C07D,A61K
A61K,C07D
C07D,A61P
A61K,A61P
C07D,A01P
C07D,A61P
C07D,C07D
C07D,A61P
C07D,A61P
C07F,A61P
A61K,A61P
A61K,A61P
A61K,A61Q
C07H,A61P
C07C,A61P
C07D,C07F
C07D,C07D
A61K,C07D
A61K,A61P
C07J,A61K
C07D,A61P
C07H,A61P
C07D,A61P
C07H,A61K
A61K,A61P
C07K,A61P
C07K,C12N
A61K,A61P
A61K,A61P
A61K,A61P
A61K,A61K
A61K,A61P
A61K,A61K
A61K,A61P
A61K,A61K
C07K,A61K
C07K,A61K
A61K,C07K
C07K,A61P
C07K,A61P
C12N,C12Q
C07K,A61P
A61K,C07K
C07K,A61P
C07K,G01N
C07K,A61P
A61P,A61K
C12N,C12P
C07K,A61P
C07K,A61P
C12N,G01N
C07K,A61P
A61P,G01N
C07K,G01N
C07K,A61P
C12N,A61K
C12N,C12N
A61K,C12N
A61K,C12Q
A61K,G01N
C07D,A23K
A61K,A61K
C07K,C12N
C07K,A61P
C07K,A61P
C07K,A61P
C07K,C12N
C07K,C12N
C07K,A61K
C07K,A61P
A61K,A61K
C12N,C12N
C07K,C12N
C07K,A61K
A61K,C07K
C12N,C12N
C12N,A61P
C40B,A61P
C12Q,A61P
A61K,A61K
A61K,A61K
A61K,A61K
A61K,A61K
A61K,A61K
A61K,A61K
A61K,A61P
A61P,A61P
A61K,A61P
A61K,A61K
A61K,A61K
A61K,A61P
A61K,A61K
A61K,G01N
A61K,A61K
A61K,A61K
A61K,A61K
A61K,A61P
A61K,A61P
A61K,A61P
A61K,A61P
A61K,A61P
A61K,A61P
A61K,A61P
A61K,A61K
A61K,A61P
A61K,A61P
C07D,A61K
A61K,A61K
A61K,A61K
A61K,A61K
A61K,A61K
A61K,A61K
A61K,A61K
A61K,A61P
A61K,A61K
A61K,A61K
A61K,A61P
A61K,A61K
A61K,A61K
A61K,G01N
A61K,G01N
C07H,A61P
A61K,G01N
A61K,A61K
A61K,A61P
A61K,A61P
A61K,A61K
A61K,A61K
A61K,A61P
A61P,A61K
A61K,A61K
A61K,A61K
A61K,A61P
A61K,A61P
A61K,A61P
A61K,A61P
A61K,A61K
A61K,A61P
A61P,A61K
A61K,A61K
A61K,A61P
A61K,A61P
A61K,A61P
A61K,A61P
A61K,A61K
A61K,A61P
A61K,A61K
A61K,A61K
A61K,A61K
A61K,A61K
A61K,A61K
A61K,A61P
A61K,A61P
A61K,A61K
C12N,A61P
C07K,A61K
C07K,C07K
C12N,C12R
A61K,A61P
G01N,A61K
C12Q,C12N
C07K,A61P
C07K,C07K
C12N,A61P
C12N,A61P
C07K,C12R
G01N,C07K
C07K,A61P
G01N,C12N
C07K,A61P
C07K,A61K
C12N,A61P
A61K,C12N
A61K,C12N
C12N,A61P
C07K,A61K
A61K,G01N
A61K,C12N
C12N,G01N
A01N,C12Q
C12N,C12N
C12N,C12N
C12Q,C12N
C07K,A61P
C12Q,C12R
C12N,G01N
A61K,C12Q
C07H,C12N
C12Q,G01N
A01N,G01N
C12N,A61P
C12Q,C12R
C12N,C12Q
C12N,A61P
C07K,G01N
A61K,G01N
C12N,C12N
C07K,A61P
C07K,G01N
C07K,A61P
A61K,G01N
A61K,C12Q
C12N,G01N
C07K,A61P
C12N,G01N
C12N,C12Q
G01N,C07K
B01J,B01J
B01J,C12Q
A23J,A23L
C12N,C07K
B01D,B01D
B01J,C12Q
C07K,B01J
B01J,C08F
G01N,B01J
C12Q,B01J
C12N,C12Q
B01J,C12R
C12N,C07C
G01N,G01N
B01L,B01F
B01L,C12M
B01L,G01N
C12Q,C12Q
C12M,C12Q
A61M,A61M
F04D,H01B
A61M,H02M
B02C,A61L
A47L,A47B
A61B,B25J
B25J,A61L
A61B,B25J
G16H,A61H
G05D,H04L
G01J,A61L
G01J,G01G
A41D,D01F
C09D,C09D
B01D,A41D
G02C,A61F
A41D,A41D
A41D,B32B
A41D,A41D
A41D,A41D
A62B,B01D
A41D,C08J
B32B,C09D
B32B,B32B
C08J,C09D
C09D,C08F
C09D,A01P
C09D,C08F
C12N,A61P
A61L,A61K
A61L,B32B
B01J,H05B
A61K,A61K
A01N,A61K
A61G,A61L
A01N,A01N
A61L,A61P
A61K,A01N
A61K,A61K
A61K,A61Q
A61K,A61P
C08L,C08K
D06P,D06P
B65F,A61L
B65F,A61L
B09B,C10J
B08B,A61L
F23G,F23G
C02F,C02F
A01N,C02F
C02F,A01N
A01N,C02F
C25B,C25B
B01J,A01P
B01J,C02F
G16H,G06N
G06T,A61B
G16H,A61B
G06F,G10L
G16H,H04L
G16H,G06N
G16H,A61B
G16H,A61B
G06F,G07F
G06Q,G06Q
G06F,G06F
G06F,G02B
C07K,C12N
A61K,A61K
G06F,A61P
C07K,A61P
C12Q,C12R
G06F,G06F
C07K,A61K
C07K,C07K
C07H,A61K
A61K,A61P
A61K,A61P
C07H,A61K
C07H,A61K
C07H,A61P
C07D,A61K
A61K,A61K
A61K,A61P
C07D,C07D
C07H,C12N
C07D,A61K
C07C,C07D
A61K,C07D
C07D,A61K
C07C,A61P
C07D,A61P
C07D,A61P
A61K,C07D
A61K,C08F
A61K,A61P
A61K,A61P
C07D,A61K
C07D,C07D
A61K,C07C
C07C,C07C
C07C,C07C
C07D,A23L
C07D,A61P
C07D,A61K
C07D,A61K
A61K,C07D
C07D,A61P
A61K,A61P
C07D,A61K
C07D,C07D
C07D,A61P
C07F,A61P
A61K,A61P
C07H,A61P
C07C,A61P
C07D,A61K
C07D,C07D
A61K,C08B
C07D,A61P
C07H,A61K
A61K,A61P
C07K,A61P
C07K,A61K
A61K,A61P
A61K,A61P
A61K,A61K
A61K,A61K
A61K,A61P
C07K,A61P
C07K,A61K
C07K,A61P
C12N,A61K
C07K,G01N
C12N,C07K
C07K,A61P
C12N,C12Q
C07K,A61P
A61P,C12Q
C07K,A61K
C12N,A61P
C12N,G01N
A61K,C12N
A61K,G01N
C07D,A23L
A61K,A61K
C07K,A23L
C07K,A61P
C07K,C12N
C07K,C12N
A61K,A61K
C12N,C07K
C07K,C12N
C07K,A61K
A61K,C07K
C12N,C12N
C12N,A61P
A61K,A61K
A61K,A61K
A61K,A61K
A61K,A61P
A61K,A61K
A61K,A61K
A61K,A61P
A61P,A61P
A61K,A61K
A61K,A61P
A61K,A61K
A61K,A61P
A61K,A61P
A61K,A61K
A61K,A61K
A61K,A61K
A61K,A61P
A61K,A61P
A61K,A61P
A61K,A61K
A61K,A61K
A61K,A61P
A61K,A61P
A61K,A61P
C07D,A61P
A61K,A61K
A61K,A61P
A61K,A61K
A61K,A61K
A61K,G01N
A61K,A61K
A61K,A61P
A61K,A61P
A61K,A61P
A61K,A61K
A61K,G01N
C07H,A61P
A61K,G01N
A61K,A61P
A61K,A61P
A61K,A61P
A61K,A61K
A61K,A61K
A61K,A61P
A61P,A61K
A61K,A61K
A61K,A61P
A61K,A61K
A61K,A61K
A61K,A61P
A61K,A61K
A61K,A61P
A61K,A61P
A61K,A61P
A61K,A61K
A61K,A61P
A61K,A61K
A61K,A61K
A61K,A61K
A61K,A61P
C12N,A61P
C07K,A61P
C07K,C07K
A61K,C12R
C12Q,C12N
C07K,C07K
C12N,A61P
G01N,C12N
C07K,C07H
G01N,A61P
C07K,A61P
C07K,A61P
A61K,C12Q
A61K,C12N
C12N,A61P
C07K,A61P
A61K,G01N
A61K,C12N
C12N,C12Q
C12N,C12N
C12N,C12N
C12Q,C12N
C12N,C12Q
A61K,C12N
C07H,C12P
C12N,A61P
C12Q,C12R
C12N,A61K
C12N,C12R
C07K,G01N
A61K,G01N
C12N,G01N
A61K,C12N
C12N,G01N
C12N,B01J
G01N,C08G
B01J,C07B
C12N,B01D
B01D,G01N
C07K,C07K
B01J,C08F
G01N,C12N
C12N,B01J
C12N,C07C
G01N,G01N
C12Q,C12M
F04D,H01B
A47L,F17C
G16H,A61H
G05D,B62D
C09D,C09D
B01D,A61L
A41D,B32B
A41D,A41D
A62B,C01B
A41D,C08L
B32B,C09D
B32B,B32B
C08J,C08L
C09D,C08F
C09D,C08F
C12N,A61P
A61L,A61Q
A61L,B32B
A61K,A61Q
A01N,A01N
A61K,A01P
A61K,A61K
A61K,A61P
C08L,C08K
D06P,D06P
B65F,A61M
B65F,A61M
F23G,F23J
A01N,C02F
C02F,A01P
C25B,C25B
B01J,A01P
G16H,G06N
G06T,A61B
G16H,A61B
G06F,G16H
G16H,A61B
G06F,G16H
C07K,G06F
A61K,A61K
C12Q,C40B
G06F,C07K
C07K,A61P
C07K,A61K
C07H,A61K
A61K,A61P
A61K,A61P
C07H,A61K
C07H,C07D
C07D,A61K
A61K,A61K
C07D,C07C
C07D,A61K
C07C,A61K
A61K,C07D
C07D,A61P
A61K,C08G
A61K,A61P
C07D,A61P
C07D,C07D
A61K,C07C
C07C,C07C
C07C,C07C
C07D,A61K
C07D,A61K
C07D,A61P
C07D,A61K
C07D,C07D
C07D,A61P
A61K,A61P
C07H,A61P
C07D,A61K
C07D,C07F
C07D,A61P
C07H,A61K
C07K,A61P
C07K,A61K
A61K,A61P
A61K,A61K
C07K,A61P
C07K,A61P
C12N,A61P
C07K,C12R
C12N,C07H
A61P,C12N
C07K,A61K
C12N,A61P
A61K,C12N
A61K,A61K
C07K,A61P
C07K,C12N
C07K,A61K
A61K,A61K
C07K,C12N
C07K,A61P
A61K,C07K
C12N,A61K
A61K,A61K
A61K,A61P
A61K,A61P
A61K,A61P
A61K,A61K
A61K,A61P
A61P,G01N
A61K,A61P
A61K,A61P
A61K,A61K
A61K,A61K
A61K,A61K
A61K,A61K
A61K,A61P
A61K,A61K
A61K,A61K
A61K,A61P
A61K,A61K
C07D,A61P
A61K,A61P
A61K,A61P
A61K,A61P
A61K,A61K
A61K,A61P
A61K,A61K
C07H,A61P
A61K,A61P
A61K,A61P
A61K,A61K
A61K,A61K
A61P,A61P
A61K,A61K
A61K,A61P
A61K,A61K
A61K,A61P
A61K,A61K
A61K,A61K
A61K,A61P
A61K,A61K
A61K,A61K
A61K,A61K
C07K,C12N
C07K,C07K
C12Q,C07K
C07K,C07K
C12N,A61K
G01N,G01N
G01N,C12P
C07K,A61P
A61K,C12N
A61K,C12N
C12N,C07K
C12N,C12N
C12Q,C07K
A61K,A61P
C07H,C12Q
C12N,A61P
C12Q,C12R
C12N,A61P
C07K,C07K
A61K,A61P
C12N,G01N
C12N,B01J
G01N,C08G
B01J,C07K
C07K,C07K
B01J,C08F
G01N,B01J
C12N,B01J
C12N,C12R
G01N,G01N
C12Q,B01L
G05D,G01S
C09D,C09K
A62B,C09D
B32B,C09D
B32B,B32B
C09D,C08F
C09D,C08F
C12N,A61L
A61L,B32B
A61K,A61Q
A01N,A01N
A61K,A61K
C08L,C08K
D06P,D06P
C02F,A01P
G16H,A61B
C07K,G01N
A61K,A61K
C12Q,C07D
C07K,A61P
C07K,A61K
C07H,C07D
A61K,A61P
C07H,A61P
C07H,C07D
C07D,A61K
A61K,A61K
C07D,A61K
C07D,A61P
C07C,A61K
A61K,C07D
C07D,A61P
A61K,C12Q
A61K,A61P
C07D,A61K
C07C,C07C
C07C,C07C
C07D,A61K
C07D,A61P
C07D,A61P
C07D,C07D
A61K,A61P
C07H,A61K
C07D,A61K
C07D,A61K
C07H,A61P
C07K,A61P
C07K,A61P
A61K,A61K
C07K,A61P
C12N,A61P
C12N,C12N
A61P,C07H
C07K,A61K
C12N,C12N
A61K,G01N
A61K,A61K
C07K,A61P
C07K,C07K
A61K,A61K
C07K,A61P
A61K,G01N
C12N,A61P
A61K,A61P
A61K,A61P
A61K,A61P
A61K,A61P
A61K,A61K
A61P,A61P
A61K,A61P
A61K,A61K
A61K,A61K
A61K,A61P
A61K,A61P
A61K,A61P
A61K,A61K
A61K,A61P
C07D,A61P
A61K,A61P
A61K,A61P
A61K,A61K
A61K,A61P
A61K,A61K
C07H,A61P
A61K,A61P
A61K,A61P
A61K,A61K
A61K,A61K
A61P,A61K
A61K,A61K
A61K,A61K
A61K,A61K
A61K,A61P
A61K,A61K
A61K,A61K
C07K,C07K
C12Q,C12N
C07K,C07K
C07K,G01N
A61K,C12P
A61K,C12N
C12N,C07K
C12Q,C12N
C07H,C12Q
C12Q,C12R
C12N,A61P
C07K,C07K
C12N,B01J
G01N,C12N
B01J,C07K
B01J,C08J
G01N,C12Q
C12N,B01J
G01N,H01J
C12Q,B01L
C09D,B32B
A62B,C09D
B32B,C09J
B32B,B32B
C09D,C08F
C09D,C08F
C12N,C12R
A61L,B32B
A61K,B01D
A01N,A01N
A61K,A61K
C08L,A61L
D06P,D06P
C02F,A01P
G16H,G02B
C07K,A61K
A61K,A61K
C12Q,C07C
C07K,A61P
C07H,C07H
A61K,A61P
C07H,A61P
C07D,A61K
A61K,A61K
C07D,A61K
C07C,A61K
A61K,C07D
A61K,G01N
A61K,A61P
C07D,A61K
C07C,C07C
C07C,C07C
C07D,A61K
C07D,A61P
C07D,A61P
C07D,C07D
A61K,A61P
C07H,A61Q
C07D,A61K
C07D,A61K
C07H,A61P
C07K,A61P
C07K,A61P
A61K,A61K
C07K,A61P
C12N,C07K
A61P,A61K
C07K,A61P
C12N,C12N
A61K,G01N
A61K,A61K
C07K,C07K
A61K,A61K
A61K,A61P
A61K,A61P
A61K,A61P
A61K,A61K
A61K,A61K
A61K,A61P
A61K,A61P
A61K,A61P
A61K,A61P
A61K,A61Q
A61K,A61P
A61K,A61P
A61K,A61K
A61K,A61P
A61K,A61K
C07H,A61P
A61K,A61P
A61K,A61K
A61K,A61K
A61P,A61K
A61K,A61K
A61K,A61K
A61K,A61K
C07K,C07K
C07K,C07K
C07K,G01N
G01N,C07B
B01J,C08G
C12Q,G01N
C09D,A41D
A62B,C09D
B32B,B32B
C09D,C08F
C12N,C12R
A61L,D01F
A61K,A61L
A01N,A01N
A61K,A61Q
D06P,G01N
G16H,G02B
C07K,A61P
A61K,A61K
C12Q,C07C
C07H,A61K
A61K,A61P
C07H,C12N
C07D,A61K
A61K,A61K
C07D,A61K
C07C,A61K
A61K,C07D
A61K,A61P
C07D,A61K
C07C,C07C
C07C,C07C
C07D,A61P
C07D,A61P
C07D,A61P
C07D,C07D
A61K,A61P
C07H,C12P
C07D,A61K
C07D,A61K
C07K,A61P
A61K,A61K
C07K,A61P
C12N,A61K
A61P,C12N
C12N,C12N
A61K,A61K
C07K,C12N
A61K,A61K
A61K,A61P
A61K,A61K
A61K,A61P
A61K,A61K
A61K,A61Q
A61K,A61P
A61K,A61K
A61K,A61P
C07H,A61P
A61K,A61P
A61K,A61K
A61K,A61K
A61K,A61K
A61K,A61K
C07K,A61K
C07K,A61K
B01J,C09D
C12Q,G01N
A62B,A41D
B32B,B32B
C09D,C08F
C12N,C12R
A61L,D01F
A61K,A61L
A01N,A01N
A61K,A61Q
G16H,G06F
A61K,A61K
C12Q,C07C
C07H,C07F
A61K,A61P
C07H,A61K
C07D,A61K
A61K,A61K
C07D,A61K
C07C,A61K
A61K,C07D
A61K,A61P
C07D,A61K
C07C,C07C
C07C,C07C
C07D,A61P
C07D,A61P
C07D,C07D
C07H,C12P
C07D,A61P
C07D,A61K
C07K,A61P
A61K,A61K
C07K,A61P
A61P,C07K
C12N,C12N
A61K,A61K
C07K,A61K
A61K,A61K
A61K,A61K
A61K,A61K
A61K,A01N
A61K,A61K
A61K,A61K
A61K,A61P
A61K,A61K
A61K,A61K
A61K,A61K
A61K,A61K
C07K,A61P
C07K,A61P
B01J,C12N
C12Q,G01N
B32B,B32B
C09D,C08F
A61L,D01F
A61K,A41D
A01N,A01N
A61K,A61Q
G16H,G10L
A61K,A61K
C12Q,C07F
C07H,C07H
A61K,A61P
C07H,A61K
C07D,A61K
A61K,A61K
C07D,A61K
C07C,A61K
A61K,C07D
A61K,A61P
C07D,A61P
C07C,C07C
C07C,C07C
C07D,A61P
C07D,C07D
C07H,C12P
C07D,A61K
A61K,A61K
C07K,A61P
C12N,C07K
A61K,A61K
C07K,A61K
A61K,A61K
A61K,A61P
A61K,A01N
A61K,A61K
A61K,A61P
A61K,A61K
A61K,A61P
A61K,A61P
B01J,C12N
C12Q,G01N
B32B,C09D
C09D,C08F
A61L,D01F
A61K,C11D
A01N,A01P
A61K,A61P
G16H,G16H
A61K,A61K
C12Q,C07D
C07H,C07D
A61K,A61P
C07H,A61K
C07D,A61K
C07D,A61K
C07C,A61K
A61K,C07D
A61K,A61P
C07C,C07F
C07C,C07C
C07D,A61P
C07D,C07D
C07H,C12P
C07D,A61K
C12N,C07K
C07K,A61K
A61K,A61K
A61K,A61P
A61K,A01P
A61K,A61P
A61K,A61P
A61K,A61K
A61K,A61P
A61K,A61P
B01J,G01N
C12Q,G01J
B32B,C09D
A61L,D01F
A61K,F24F
A61K,A61P
C12Q,C07D
C07H,A61K
C07H,A61K
C07D,A61K
C07C,A61K
A61K,C07D
A61K,A61P
C07C,C07F
C07C,A61K
C07D,A61P
C07D,C07D
C07D,A61P
C12N,C07K
C07K,A61K
A61K,A23L
A61K,A61P
A61K,A61P
A61K,A61P
B32B,C09D
A61L,D01F
A61K,A61K
C07H,A61P
C07D,A61P
C07C,A61K
A61K,C07F
A61K,A61P
C07C,A61K
C07C,A61K
C07D,A61P
C07D,C07D
C12N,C12Q
C07K,A61P
A61K,A23L
A61K,A61P
B32B,C09D
A61K,A61K
C07H,C07H
C07D,A61P
C07C,A61P
A61K,A23L
C07C,A61K
C07C,A61K
C07D,A61P
C07D,C07D
C07K,G01N
A61K,A23L
B32B,C09D
A61K,A61K
C07H,A61K
C07D,A61P
A61K,A23L
C07C,A61K
C07C,A61K
C07D,A61P
C07D,C07C
C07K,G01N
A61K,A23L
B32B,A41D
A61K,A61K
C07H,A61K
C07D,A61P
C07C,A61K
C07C,A61P
C07D,C07D
C07D,C07C
C07K,G01N
A61K,A23L
B32B,A41D
C07H,A61K
C07D,A61P
C07C,A61K
C07D,C07D
C07D,C07C
A61K,A23L
B32B,A41D
C07H,C07H
C07D,A61P
C07C,A61K
C07D,C07D
C07D,C07C
A61K,A23F
C07H,C07H
C07C,A61P
C07D,C07D
C07D,C07C
A61K,A23C
C07D,C07D
C07D,C07C
A61K,A23C
C07D,C07D
C07D,C07D
C07D,C07D
C07D,C07D
C07D,C07D
C07D,A61P
C07D,C07C
C07D,C07C
C07D,C07C
C07D,A61K
C07D,A61K
C07D,A61K
C07D,A61K
C07D,A61K
C07D,A61K
C07D,A61K
C07D,A61K
C07D,A61K
C07D,A61K
C07D,A61K
C07D,A61K
C07D,A61K
C07D,A61K
C07D,A61K
C07D,A61P
C07D,A61P
C07D,A61P
C07D,A61P
A61K,A61K
